title,price,url,brand
MSI Ventus GeForce RTX 4060 8GB GDDR6 PCI Express 4.0 x8 ATX Graphics Card RTX 4060 VENTUS 2X BLACK 8G OC,329,https://www.newegg.com/msi-rtx-4060-ventus-2x-black-8g-oc-nvidia-geforce-rtx-4060-8gb-gddr6/p/N82E16814137804,MSI
MSI Ventus GeForce RTX 3060 12GB GDDR6 PCI Express 4.0 Graphics Card RTX 3060 Ventus 2X 12G OC,329,https://www.newegg.com/msi-rtx-3060-ventus-2x-12g-oc-nvidia-geforce-rtx-3060-12gb-gddr6/p/N82E16814137632,MSI
ASRock Steel Legend Radeon RX 9070 XT 16GB GDDR6 PCI Express 5.0 x16 Graphics Card RX9070XT SL 16G,699,https://www.newegg.com/asrock-steel-legend-rx9070xt-sl-16g-amd-radeon-rx-9070-xt-16gb-gddr6/p/N82E16814930136,ASRock
MSI Ventus GeForce RTX 5070 Ti 16GB GDDR7 PCI Express 5.0 Graphics Card RTX 5070 TI 16G VENTUS 3X OC,899,https://www.newegg.com/msi-rtx-5070-ti-16g-ventus-3x-oc-nvidia-geforce-rtx-5070-ti-16gb-gddr7/p/N82E16814137933,MSI
GIGABYTE Gaming Radeon RX 9070 XT 16GB GDDR6 PCI Express 5.0 x16 Graphics Card GV-R9070XTGAMING OC-16GD,729,https://www.newegg.com/gigabyte-gv-r9070xtgaming-oc-16gd-amd-radeon-rx-9070-xt-16gb-gddr6/p/N82E16814932751,GIGABYTE
SAPPHIRE Radeon RX 7900 XT 20GB GDDR6 PCI Express 4.0 Video Card 21323-01-20G,669,https://www.newegg.com/sapphire-radeon-rx-7900-xt-21323-01-20g/p/N82E16814202427,Sapphire Tech
SAPPHIRE PULSE Radeon RX 9070 XT 16GB GDDR6 PCI Express 5.0 x16 ATX Graphics Card 11348-03-20G,879,https://www.newegg.com/sapphire-pulse-11348-03-20g-amd-radeon-rx-9070-xt-16gb-gddr6/p/N82E16814202450,Sapphire Tech
ASUS TUF Gaming GeForce RTX 5070 Ti OC Edition 16GB GDDR7 TUF-RTX5070TI-O16G-GAMING PCI-Express 5.0 DLSS 4.0 Graphics Card,999,https://www.newegg.com/asus-tuf-gaming-tuf-rtx5070ti-o16g-gaming-nvidia-geforce-rtx-5070-ti-16gb-gddr7/p/N82E16814126754,ASUS
ASRock Radeon RX 6600 Challenger D 8GB GDDR6 PCI Express 4.0 Graphics Card RX6600 CLD 8G,219,https://www.newegg.com/asrock-rx6600-cld-8g-amd-radeon-rx-6600-8gb-gddr6/p/N82E16814930066,ASRock
GIGABYTE WindForce GeForce RTX 5070 12GB GDDR7 PCI Express 5.0 ATX Graphics Card GV-N5070WF3OC-12GD,609,https://www.newegg.com/gigabyte-windforce-gv-n5070wf3oc-12gd-nvidia-geforce-rtx-5070-12gb-gddr7/p/N82E16814932777,GIGABYTE
MSI SHADOW GeForce RTX 5070 Ti 16GB GDDR7 PCI Express 5.0 Graphics Card RTX 5070 TI 16G SHADOW 3X OC,839,https://www.newegg.com/msi-rtx-5070-ti-16g-shadow-3x-oc-nvidia-geforce-rtx-5070-ti-16gb-gddr7/p/N82E16814137935,MSI
MSI SHADOW GeForce RTX 5080 16GB GDDR7 PCI Express 5.0 Graphics Card RTX 5080 16G SHADOW 3X OC,"1,389",https://www.newegg.com/msi-rtx-5080-16g-shadow-3x-oc-nvidia-geforce-rtx-5080-16gb-gddr7/p/N82E16814137914,MSI
SAPPHIRE NITRO+ Radeon RX 9070 XT 16GB GDDR6 PCI Express 5.0 x16 ATX Graphics Card 11348-01-20G,849,https://www.newegg.com/sapphire-nitro-rx9070xt-tc-16go-amd-radeon-rx-9070-xt-16gb-gddr6/p/N82E16814202448,Sapphire Tech
ASUS TUF Gaming GeForce RTX 5070 OC 12GB 192-Bit GDDR7 PCI Express 5.0 DLSS 4.0 Graphics Card TUF-RTX5070-O12G-GAMING,739,https://www.newegg.com/asus-tuf-gaming-tuf-rtx5070-o12g-gaming-nvidia-geforce-rtx-5070-12gb-gddr7/p/N82E16814126758,ASUS
GIGABYTE Gaming GeForce RTX 5090 32GB GDDR7 PCI Express 5.0 ATX Graphics Card GV-N5090GAMING OC-32GD,"2,919",https://www.newegg.com/gigabyte-gv-n5090gaming-oc-32gd-nvidia-geforce-rtx-5090-32gb-gddr7/p/N82E16814932761,GIGABYTE
GIGABYTE Gaming GeForce RTX 5080 16GB GDDR7 PCI Express 5.0 Graphics Card GV-N5080GAMING OC-16GD,"1,539",https://www.newegg.com/gigabyte-gaming-geforce-rtx-5080-16gb-gddr7-pci-express-5-0-graphics-card-gv-n5080gaming-oc-16gd/p/N82E16814932753,GIGABYTE
"GIGABYTE Radeon RX 7800 XT GAMING OC 16G Graphics Card, 3x WINDFORCE Fans 16GB 256-bit GDDR6, GV-R78XTGAMING OC-16GD Video Card",664,https://www.newegg.com/gigabyte-gv-r78xtgaming-oc-16gd-amd-radeon-rx-7800-xt-16gb-gddr6/p/N82E16814932657,GIGABYTE
MSI SHADOW GeForce RTX 5070 12GB GDDR7 PCI Express 5.0 Graphics Card RTX 5070 12G SHADOW 2X OC,609,https://www.newegg.com/msi-rtx-5070-12g-shadow-2x-oc-nvidia-geforce-rtx-5070-12gb-gddr7/p/N82E16814137944,MSI
ASUS ROG Astral GeForce RTX 5080 16GB GDDR7 OC Edition ROG-ASTRAL-RTX5080-O16G-GAMING PCI-Express 5.0 DLSS 4.0 Graphics Card,"1,799",https://www.newegg.com/asus-rog-astral-rog-astral-rtx5080-o16g-gaming-nvidia-geforce-rtx-5080-16gb-gddr7/p/N82E16814126742,ASUS
GIGABYTE AORUS GeForce RTX 5090 32GB GDDR7 PCI Express 5.0 ATX Graphics Card GV-N5090AORUSM ICE-32GD,"2,999",https://www.newegg.com/gigabyte-gv-n5090aorusm-ice-32gd-nvidia-geforce-rtx-5090-32gb-gddr7/p/N82E16814932765,GIGABYTE
SAPPHIRE NITRO+ Radeon RX 7900 XTX 24GB GDDR6 PCI Express 4.0 x16 ATX Video Card 11322-01-40G,"1,309",https://www.newegg.com/sapphire-nitro-11322-01-40g-amd-radeon-rx-7900-xtx-24gb-gddr6/p/N82E16814202428,Sapphire Tech
"GIGABYTE Radeon RX 7600 XT GAMING OC 16G Graphics Card, 3x WINDFORCE Fans 16GB 128-bit GDDR6, GV-R76XTGAMING OC-16GD Video Card",359,https://www.newegg.com/gigabyte-gv-r76xtgaming-oc-16gd-amd-radeon-rx-7600-xt-16gb-gddr6/p/N82E16814932687,GIGABYTE
ASUS TUF Gaming GeForce RTX 5080 16GB GDDR7 OC Edition TUF-RTX5080-O16G-GAMING PCI-Express 5.0 DLSS 4.0 Graphics Card,"1,599",https://www.newegg.com/asus-tuf-gaming-tuf-rtx5080-o16g-gaming-nvidia-geforce-rtx-5080-16gb-gddr7/p/N82E16814126743,ASUS
GIGABYTE Gaming GeForce RTX 5070 Ti 16GB GDDR7 PCI Express 5.0 ATX Graphics Card GV-N507TGAMING OC-16GD,969,https://www.newegg.com/gigabyte-gv-n507tgaming-oc-16gd-nvidia-geforce-rtx-5070-ti-16gb-gddr7/p/N82E16814932768,GIGABYTE
GIGABYTE AERO GeForce RTX 5070 Ti 16GB GDDR7 PCI Express 5.0 ATX Graphics Card GV-N507TAERO OC-16GD,979,https://www.newegg.com/gigabyte-gv-n507taero-oc-16gd-nvidia-geforce-rtx-5070-ti-16gb-gddr7/p/N82E16814932767,GIGABYTE
GIGABYTE WindForce GeForce RTX 5070 12GB GDDR7 PCI Express 5.0 ATX Graphics Card GV-N5070WF3-12GD,604,https://www.newegg.com/gigabyte-windforce-gv-n5070wf3-12gd-nvidia-geforce-rtx-5070-12gb-gddr7/p/N82E16814932782,GIGABYTE
MSI Gaming GeForce RTX 5090 32GB GDDR7 PCI Express 5.0 Graphics Card RTX 5090 32G GAMING TRIO OC,"3,049",https://www.newegg.com/msi-rtx-5090-32g-gaming-trio-oc-nvidia-geforce-rtx-5090-32gb-gddr7/p/N82E16814137919,MSI
GIGABYTE AORUS GeForce RTX 5090 32GB GDDR7 PCI Express 5.0 ATX Graphics Card GV-N5090AORUS M-32GD,"2,999",https://www.newegg.com/gigabyte-gv-n5090aorus-m-32gd-nvidia-geforce-rtx-5090-32gb-gddr7/p/N82E16814932760,GIGABYTE
ASRock Phantom Gaming Radeon RX 7900 XTX 24GB GDDR6 PCI Express 4.0 ATX Graphics Card RX7900XTX PG 24GO,999,https://www.newegg.com/asrock-phantom-gaming-rx7900xtx-pg-24go-amd-radeon-rx-7900-xtx-24gb-gddr6/p/N82E16814930081,ASRock
SAPPHIRE PULSE Radeon RX 7800 XT 16GB GDDR6 PCI Express 4.0 x16 ATX Graphics Card 11330-02-20G,674,https://www.newegg.com/sapphire-pulse-11330-02-20g-amd-radeon-rx-7800-xt-16gb-gddr6/p/N82E16814202434,Sapphire Tech
GIGABYTE AERO GeForce RTX 5080 16GB GDDR7 PCI Express 5.0 Graphics Card GV-N5080AERO OC-16GD,"1,579",https://www.newegg.com/gigabyte-gv-n5080aero-oc-16gd-nvidia-geforce-rtx-5080-16gb-gddr7/p/N82E16814932756,GIGABYTE
ASUS PRIME GeForce RTX 5070 OC 12GB 192-Bit GDDR7 PCI Express 5.0 DLSS 4.0 Graphics Card PRIME-RTX5070-O12G,699,https://www.newegg.com/asus-prime-rtx5070-o12g-nvidia-geforce-rtx-5070-12gb-gddr7/p/N82E16814126760,ASUS
ONIX LUMI Arc B580 12GB GDDR6 PCI Express 4.0 x8 ATX Graphics Card 8346-00278,309,https://www.newegg.com/onix-odyssey-8346-00178-intel-arc-b580-12gb-gddr6/p/N82E16814987002,N/A
GIGABYTE WINDFORCE GeForce RTX 5090 32GB GDDR7 PCI Express 5.0 ATX Graphics Card GV-N5090WF3OC-32GD,"2,639",https://www.newegg.com/msi-rtx-5090-32g-ventus-3x-nvidia-geforce-rtx-5090-32gb-gddr7/p/N82E16814932762,GIGABYTE
GIGABYTE WindForce GeForce RTX 5070 Ti 16GB GDDR7 PCI Express 5.0 ATX Graphics Card GV-N507TWF3-16GD,824,https://www.newegg.com/gigabyte-windforce-gv-n507twf3-16gd-nvidia-geforce-rtx-5070-ti-16gb-gddr7/p/N82E16814932781,GIGABYTE
GIGABYTE AORUS GeForce RTX 5080 16GB GDDR7 PCI Express 5.0 ATX Graphics Card GV-N5080AORUSM ICE-16G,"1,629",https://www.newegg.com/gigabyte-gv-n5080aorusm-ice-16g-nvidia-geforce-rtx-5080-16gb-gddr7/p/N82E16814932757,GIGABYTE
MSI SHADOW GeForce RTX 5070 12GB GDDR7 PCI Express 5.0 Graphics Card RTX 5070 12G SHADOW 3X OC,669,https://www.newegg.com/msi-rtx-5070-12g-shadow-3x-oc-nvidia-geforce-rtx-5070-12gb-gddr7/p/N82E16814137941,MSI
GIGABYTE WindForce GeForce RTX 5060 Ti 16GB GDDR7 PCI Express 5.0 x8 ATX Graphics Card GV-N506TWF2-16GD,479,https://www.newegg.com/gigabyte-windforce-geforce-rtx-5060-ti-graphics-card-gv-n506twf2-16gd/p/N82E16814932791,GIGABYTE
MSI Ventus GeForce RTX 3050 6GB GDDR6 PCI Express 4.0 x8 ATX Graphics Card RTX 3050 VENTUS 2X 6G OC,189,https://www.newegg.com/msi-rtx-3050-ventus-2x-6g-oc-nvidia-geforce-rtx-3050-6gb-gddr6/p/N82E16814137878,MSI
MSI Ventus GeForce RTX 5070 12GB GDDR7 PCI Express 5.0 Graphics Card RTX 5070 12G VENTUS 2X OC,649,https://www.newegg.com/msi-rtx-5070-12g-ventus-2x-oc-nvidia-geforce-rtx-5070-12gb-gddr7/p/N82E16814137943,MSI
ONIX ODYSSEY Arc B580 12GB GDDR6 PCI Express 4.0 x8 ATX Graphics Card 8346-00178,299,https://www.newegg.com/odyssey-arc-b580-12gb-gddr6/p/N82E16814987001,N/A
MSI Ventus GeForce RTX 5090 32GB GDDR7 PCI Express 5.0 Graphics Card RTX 5090 32G VENTUS 3X OC,"2,999",https://www.newegg.com/msi-rtx-5090-32g-ventus-3x-oc-nvidia-geforce-rtx-5090-32gb-gddr7/p/N82E16814137920,MSI
ZOTAC Solid OC GeForce RTX 5070 12GB 192-Bit GDDR7 PCI Express 5.0 DLSS 4.0 Graphics Card ZOTAC GAMING ZT-B50700J-10P,629,https://www.newegg.com/zotac-gaming-geforce-rtx-5070-solid-oc-nvidia-12gb-gddr7/p/N82E16814500603,ZOTAC
ASUS PRIME GeForce RTX 5070 Ti 16GB 256-Bit GDDR7 PCI Express 5.0 DLSS 4.0 Graphics Card PRIME-RTX5070TI-16G,829,https://www.newegg.com/asus-prime-rtx5070ti-16g-nvidia-geforce-rtx-5070-ti-16gb-gddr7/p/N82E16814126757,ASUS
ASUS ROG Astral GeForce RTX 5090 32GB GDDR7 OC Edition ROG-ASTRAL-RTX5090-O32G-GAMING DLSS 4.0 PCI Express 5.0 Graphics Card,"3,359",https://www.newegg.com/asus-rog-astral-rog-astral-rtx5090-o32g-gaming-nvidia-geforce-rtx-5090-32gb-gddr7/p/N82E16814126751,ASUS
MSI Ventus GeForce RTX 5060 Ti 16GB GDDR7 PCI Express 5.0 x 16 (use x8) Graphics Card RTX 5060 Ti 16G VENTUS 2X OC PLUS,499,https://www.newegg.com/msi-rtx-5060-ti-16g-ventus-2x-oc-plus-nvidia-geforce-rtx-5060-ti-16gb-gddr7/p/N82E16814137958,MSI
SAPPHIRE PULSE Radeon RX 7900 XT 20GB GDDR6 PCI Express 4.0 x16 ATX Graphics Card 11323-02-20G,"1,199",https://www.newegg.com/sapphire-pulse-11323-02-20g-amd-radeon-rx-7900-xt-20gb-gddr6/p/N82E16814202431,Sapphire Tech
MSI VANGUARD GeForce RTX 5090 32GB GDDR7 PCI Express 5.0 Graphics Card RTX 5090 32G VANGUARD SOC,"3,049",https://www.newegg.com/msi-rtx-5090-32g-vanguard-soc-nvidia-geforce-rtx-5090-32gb-gddr7/p/N82E16814137918,MSI
GIGABYTE WINDFORCE GeForce RTX 5080 16GB GDDR7 PCI Express 5.0 Graphics Card GV-N5080WF3OC-16GD,"1,399",https://www.newegg.com/gigabyte-windforce-gv-n5080wf3oc-16gd-nvidia-geforce-rtx-5080-16gb-gddr7/p/N82E16814932754,GIGABYTE
"GIGABYTE Radeon RX 7700 XT GAMING OC 12G Graphics Card, 3x WINDFORCE Fans 12GB 192-bit GDDR6, GV-R77XTGAMING OC-12GD Video Card",534,https://www.newegg.com/gigabyte-gv-r77xtgaming-oc-12gd-amd-radeon-rx-7700-xt-12gb-gddr6/p/N82E16814932654,GIGABYTE
GIGABYTE WINDFORCE OC GeForce RTX 3060 12GB GDDR6 PCI Express 4.0 x16 ATX Graphics Card GV-N3060WF2OC-12GD REV2.0,329,https://www.newegg.com/gigabyte-windforce-oc-gv-n3060wf2oc-12gd-rev2-0-nvidia-geforce-rtx-3060-12gb-gddr6/p/N82E16814932658,GIGABYTE
"GIGABYTE GeForce RTX 4060 EAGLE OC 8G Graphics Card, 3x WINDFORCE Fans, 8GB 128-bit GDDR6, GV-N4060EAGLE OC-8GD Graphics Card",471,https://www.newegg.com/gigabyte-gv-n4060eagle-oc-8gd-nvidia-geforce-rtx-4060-8gb-gddr6/p/N82E16814932629,GIGABYTE
GIGABYTE AORUS Radeon RX 9070 XT 16GB GDDR6 PCI Express 5.0 x16 Graphics Card GV-R9070XTAORUS E-16GD,759,https://www.newegg.com/asrock-challenger-rx9070-cl-16g-amd-radeon-rx-9070-16gb-gddr6/p/N82E16814932750,GIGABYTE
ASUS PRIME GeForce RTX 5070 Ti 16GB GDDR7 OC Edition PCI Express 5.0 DLSS 4.0 Graphics Card PRIME-RTX5070TI-O16G,939,https://www.newegg.com/asus-prime-rtx5070ti-o16g-nvidia-geforce-rtx-5070-ti-16gb-gddr7/p/N82E16814126756,ASUS
ZOTAC SOLID SFF OC GeForce RTX 5070 Ti 16GB 256-Bit GDDR7 DLSS 4.0 PIC-Express 5.0 Graphics Card ZT-B50710J3-10P,979,https://www.newegg.com/zotac-gaming-geforce-rtx-5070-ti-solid-sff-oc-nvidia-16gb-gddr7/p/N82E16814500607,ZOTAC
ASRock Taichi Radeon RX 9070 XT 16GB GDDR6 PCI Express 5.0 x16 Graphics Card RX9070XT TC 16GO,849,https://www.newegg.com/asrock-taichi-radeon-rx9070-xt-16gb-gddr6-rx9070xt-tc-16go/p/N82E16814930135,ASRock
GIGABYTE WindForce GeForce RTX 5060 Ti 16GB GDDR7 PCI Express 5.0 x8 ATX Graphics Card GV-N506TWF2OC-16GD,489,https://www.newegg.com/gigabyte-windforce-gv-n506twf2oc-16gd-nvidia-geforce-rtx-5060-ti-16gb-gddr7/p/N82E16814932790,GIGABYTE
ZOTAC GAMING GEFORCE RTX 5080 SOLID OC 256-Bit 16GB GDDR7 PCI Express 5.0 DLSS 4.0 Graphics Card ZT-B50800J-10P,"1,399",https://www.newegg.com/zotac-solid-oc-zt-b50800j-10p-nvidia-geforce-rtx-5080-16gb-gddr7/p/N82E16814500594,ZOTAC
MSI Gaming GeForce RTX 5070 Ti 16GB GDDR7 PCI Express 5.0 Graphics Card RTX 5070 Ti 16G GAMING TRIO OC PLUS,989,https://www.newegg.com/msi-rtx-5070-ti-16g-gaming-trio-oc-plus-nvidia-geforce-rtx-5070-ti-16gb-gddr7/p/N82E16814137924,MSI
MSI Ventus GeForce RTX 5080 16GB GDDR7 PCI Express 5.0 Graphics Card RTX 5080 16G VENTUS 3X OC PLUS,"1,409",https://www.newegg.com/msi-rtx-5080-16g-ventus-3x-oc-plus-nvidia-geforce-rtx-5080-16gb-gddr7/p/N82E16814137913,MSI
MSI INSPIRE GeForce RTX 5080 16GB GDDR7 PCI Express 5.0 Graphics Card RTX 5080 16G INSPIRE 3X OC,"1,549",https://www.newegg.com/msi-rtx-5080-16g-inspire-3x-oc-nvidia-geforce-rtx-5080-16gb-gddr7/p/N82E16814137911,MSI
MSI Gaming GeForce RTX 5080 16GB GDDR7 PCI Express 5.0 Graphics Card RTX 5080 16G GAMING TRIO OC,"1,579",https://www.newegg.com/msi-rtx-5080-16g-gaming-trio-oc-nvidia-geforce-rtx-5080-16gb-gddr7/p/N82E16814137910,MSI
"ASUS Dual GeForce RTX 4060 EVO OC Edition 8GB GDDR6 (PCIe 4.0, 8GB GDDR6, DLSS 3, HDMI 2.1a, DisplayPort 1.4a, Axial-tech fan design, 0dB technology, Auto-Extreme Technology) DUAL-RTX4060-O8G-EVO",448,https://www.newegg.com/asus-dual-rtx4060-o8g-evo-nvidia-geforce-rtx-4060-8gb-gddr6/p/N82E16814126718,ASUS
PowerColor Hellhound Radeon RX 9070 XT 16GB 256-Bit GDDR6 PCI Express 5.0 RDNA 4 Graphics Card RX9070XT 16G-L/OC,859,https://www.newegg.com/powercolor-hellhound-rx9070xt-16g-l-oc-amd-radeon-rx-9070-xt-16gb-gddr6/p/N82E16814131870,PowerColor
SAPPHIRE PULSE Radeon RX 7900 XTX 24GB GDDR6 PCI Express 4.0 x16 ATX Video Card 11322-02-20G,"1,306",https://www.newegg.com/sapphire-pulse-11322-02-20g-amd-radeon-rx-7900-xtx-24gb-gddr6/p/N82E16814202429,Sapphire Tech
ASUS PRIME GeForce RTX 5080 16GB GDDR7 OC Edition PRIME-RTX5080-O16G PCI-Express 5.0 DLSS 4.0 Graphics Card,"1,399",https://www.newegg.com/asus-prime-rtx5080-o16g-nvidia-geforce-rtx-5080-16gb-gddr7/p/N82E16814126744,ASUS
GIGABYTE AERO GeForce RTX 5070 12GB GDDR7 PCI Express 5.0 ATX Graphics Card GV-N5070AERO OC-12GD,719,https://www.newegg.com/gigabyte-gv-n5070aero-oc-12gd-nvidia-geforce-rtx-5070-12gb-gddr7/p/N82E16814932773,GIGABYTE
"GIGABYTE GeForce RTX 4070 SUPER WINDFORCE OC 12G Graphics Card, 3x WINDFORCE Fans, 12GB 192-bit GDDR6X, GV-N407SWF3OC-12GD  Video Card",744,https://www.newegg.com/gigabyte-windforce-gv-n407swf3oc-12gd-nvidia-geforce-rtx-4070-super-12gb-gddr6x/p/N82E16814932683,GIGABYTE
ASUS GeForce RTX 5060 8GB GDDR7 PCI Express 5.0 x8 Graphics Card PRIME-RTX5060-8G,299,https://www.newegg.com/p/N82E16814126802,ASUS
MSI Gaming GeForce RTX 5080 16GB GDDR7 PCI Express 5.0 Graphics Card RTX 5080 16G GAMING TRIO OC WHITE,"1,629",https://www.newegg.com/msi-rtx-5080-16g-gaming-trio-oc-white-nvidia-geforce-rtx-5080-16gb-gddr7/p/N82E16814137909,MSI
ASRock Steel Legend Radeon RX 9070 16GB GDDR6 PCI Express 5.0 x16 Graphics Card RX9070 SL 16GO,669,https://www.newegg.com/asrock-steel-legend-rx9070-sl-16go-amd-radeon-rx-9070-16gb-gddr6/p/N82E16814930137,ASRock
ZOTAC SOLID OC GeForce RTX 5090 32GB 512-Bit GDDR7 PCI Express 5.0 x16 DLSS 4.0 Video Card ZT-B50900J-10P,"2,899",https://www.newegg.com/zotac-rtx-5090-solid-oc-nvidia-geforce-rtx-5090-32gb-gddr7/p/N82E16814500598,ZOTAC
MSI Ventus GeForce RTX 5070 12GB GDDR7 PCI Express 5.0 Graphics Card RTX 5070 12G VENTUS 2X OC WHITE,659,https://www.newegg.com/msi-rtx-5070-12g-ventus-2x-oc-white-nvidia-geforce-rtx-5070-12gb-gddr7/p/N82E16814137942,MSI
PowerColor Reaper Radeon RX 9070 XT 16GB GDDR6 PCI Express 5.0 x16 RDNA 4 ATX Graphics Card RX9070XT 16G-A,799,https://www.newegg.com/powercolor-reaper-rx9070xt-16g-a-amd-radeon-rx-9070-xt-16gb-gddr6/p/N82E16814131871,PowerColor
MSI Gaming GeForce RTX 5070 Ti 16GB GDDR7 PCI Express 5.0 Graphics Card RTX 5070 Ti 16G GAMING TRIO OC,979,https://www.newegg.com/msi-rtx-5070-ti-16g-gaming-trio-oc-plus-nvidia-geforce-rtx-5070-ti-16gb-gddr7/p/N82E16814137931,MSI
XFX Quicksilver AMD Radeon RX 9070XT RNDA 4 16GB 256-Bit GDDR6 PCI-Express 5.0 RDNA 4 White Gaming Graphics Card RX-97TQICKW9,859,https://www.newegg.com/xfx-quicksilver-rx-97tqickw9-amd-radeon-rx-9070-xt-16gb-gddr6/p/N82E16814150905,XFX
MSI Gaming GeForce RTX 5070 12GB GDDR7 PCI Express 5.0 Graphics Card RTX 5070 12G GAMING TRIO OC WHITE,749,https://www.newegg.com/msi-rtx-5070-12g-gaming-trio-oc-white-nvidia-geforce-rtx-5070-12gb-gddr7/p/N82E16814137937,MSI
ASUS PRIME GeForce RTX 5070 12GB 192-Bit GDDR7 PCI Express 5.0 Graphics Card PRIME-RTX5070-12G,609,https://www.newegg.com/asus-prime-rtx5070-12g-nvidia-geforce-rtx-5070-12gb-gddr7/p/N82E16814126761,ASUS
GIGABYTE AORUS GeForce RTX 5080 16GB GDDR7 PCI Express 5.0 Graphics Card GV-N5080AORUS M-16GD,"1,629",https://www.newegg.com/gigabyte-gv-n5080aorus-m-16gd-nvidia-geforce-rtx-5080-16gb-gddr7/p/N82E16814932755,GIGABYTE
MSI Ventus GeForce RTX 5070 12GB GDDR7 PCI Express 5.0 Graphics Card RTX 5070 12G VENTUS 3X OC,679,https://www.newegg.com/msi-rtx-5070-12g-ventus-3x-oc-nvidia-geforce-rtx-5070-12gb-gddr7/p/N82E16814137940,MSI
ASUS TUF Gaming GeForce RTX 5090 32GB GDDR7 OC Edition TUF-RTX5090-O32G-GAMING PCI-Express 5.0 DLSS 4.0  Graphics Card,"2,999",https://www.newegg.com/asus-tuf-gaming-tuf-rtx5090-o32g-gaming-nvidia-geforce-rtx-5090-32gb-gddr7/p/N82E16814126753,ASUS
MSI Suprim GeForce RTX 5090 32GB GDDR7 PCI Express 5.0 Graphics Card RTX 5090 32G SUPRIM LIQUID SOC,"3,229",https://www.newegg.com/msi-rtx-5090-32g-suprim-liquid-soc-nvidia-geforce-rtx-5090-32gb-gddr7/p/N82E16814137916,MSI
Peladn Gaming RTX 3060 12G Graphics Card GDDR6 PCI Express 4.0 Video Card Dual-fan Edition,294,https://www.newegg.com/p/1FT-00EY-00009,N/A
GIGABYTE Gaming GeForce RTX 5060 Ti 16GB GDDR7 PCI Express 5.0 x8 ATX Graphics Card GV-N506TGAMING OC-16GD,529,https://www.newegg.com/gigabyte-gv-n506tgaming-oc-16gd-nvidia-geforce-rtx-5060-ti-16gb-gddr7/p/N82E16814932787,GIGABYTE
"GIGABYTE Radeon RX 7600 GAMING OC 8G Graphics Card, 3x WINDFORCE Fans 8GB 128-bit GDDR6, GV-R76GAMING OC-8GD Graphics Card",373,https://www.newegg.com/gigabyte-gv-r76gaming-oc-8gd-amd-radeon-rx-7600-8gb-gddr6/p/N82E16814932621,GIGABYTE
SAPPHIRE PULSE Radeon RX 9070 16GB GDDR6 PCI Express 5.0 x16 ATX Graphics Card 11349-03-20G,699,https://www.newegg.com/sapphire-pulse-11349-03-20g-amd-radeon-rx-9070-16gb-gddr6/p/N82E16814202453,Sapphire Tech
MSI Ventus GeForce RTX 5080 16GB GDDR7 PCI Express 5.0 Graphics Card RTX 5080 16G VENTUS 3X OC,"1,409",https://www.newegg.com/msi-rtx-5080-16g-ventus-3x-oc-nvidia-geforce-rtx-5080-16gb-gddr7/p/N82E16814137930,MSI
MSI GeForce RTX 5070 Ti 16G VANGUARD SOC LAUNCH EDITION including Lucky Blind Box,"1,019",https://www.newegg.com/msi-rtx-5080-16g-vanguard-soc-launch-edition-nvidia-geforce-rtx-5080-16gb-gddr7/p/N82E16814137922,MSI
MSI Ventus GeForce RTX 3050 8GB GDDR6 PCI Express 4.0 x8 ATX Video Card RTX 3050 VENTUS 2X XS 8G OC,219,https://www.newegg.com/msi-rtx-3050-ventus-2x-xs-8g-oc-nvidia-geforce-rtx-3050-8gb-gddr6/p/N82E16814137810,MSI
ASUS PRIME Radeon RX 9070 XT 16GB 256-Bit GDDR6 PCI Express 5.0  RDNA 4 Graphics Card PRIME-RX9070XT-O16G,719,https://www.newegg.com/asus-prime-rx9070xt-o16g-amd-radeon-rx-9070-xt-16gb-gddr6/p/N82E16814126746,ASUS
XFX Quicksilver Radeon RX 9070 XT 16GB 256-Bit GDDR6 PCI-Express 5.0 RDNA 4 Graphics Card RX-97TQICKB9,839,https://www.newegg.com/xfx-quicksilver-rx-97tqickb9-amd-radeon-rx-9070-xt-16gb-gddr6/p/N82E16814150902,XFX
"XFX Speedster MERC310 AMD Radeon RX 7900XT Ultra Gaming Graphics Card with 20GB GDDR6, AMD RDNA 3 RX-79TMERCU9",859,https://www.newegg.com/p/27N-0002-00185,XFX
MSI Ventus GeForce RTX 4070 SUPER 12GB GDDR6X PCI Express 4.0 ATX Graphics Card RTX 4070 SUPER 12G VENTUS 2X OC,729,https://www.newegg.com/msi-rtx-4070-super-12g-ventus-2x-oc-nvidia-geforce-rtx-4070-super-12gb-gddr6x/p/N82E16814137861,MSI
GIGABYTE WINDFORCE GeForce RTX 5060 8GB GDDR7 PCI Express 5.0 ATX Graphics Card GV-N5060WF2OC-8GD,319,https://www.newegg.com/gigabyte-windforce-gv-n5060wf2oc-8gd-nvidia-geforce-rtx-5060-8gb-gddr7/p/N82E16814932804,GIGABYTE
GIGABYTE Gaming GeForce RTX 5070 12GB GDDR7 PCI Express 5.0 ATX Graphics Card GV-N5070GAMING OC-12GD,699,https://www.newegg.com/gigabyte-gv-n5070gaming-oc-12gd-nvidia-geforce-rtx-5070-12gb-gddr7/p/N82E16814932774,GIGABYTE
GIGABYTE GeForce RTX 4070 WINDFORCE OC V2 12GB GDDR6 PCI Express 4.0 x16 ATX Graphics Card GV-N4070WF3OCV2-12GD,799,https://www.newegg.com/gigabyte-windforce-gv-n4070wf3oc-12gd-nvidia-geforce-rtx-4070-12gb-gddr6x/p/N82E16814932737,GIGABYTE
MSI Gaming GeForce RTX 5070 12GB GDDR7 PCI Express 5.0 Graphics Card RTX 5070 12G GAMING TRIO OC,714,https://www.newegg.com/msi-rtx-5070-12g-gaming-trio-oc-nvidia-geforce-rtx-5070-12gb-gddr7/p/N82E16814137938,MSI
SAPPHIRE PURE Radeon RX 9070 XT 16GB GDDR6 PCI Express 5.0 x16 ATX Graphics Card 11348-02-20G,899,https://www.newegg.com/sapphire-nitro-11348-01-20g-amd-radeon-rx-9070-xt-16gb-gddr6/p/N82E16814202449,Sapphire Tech
"GIGABYTE GeForce RTX 4060 OC Low Profile 8G Graphics Card, 3x WINDFORCE Fans, 8GB 128-bit GDDR6, GV-N4060OC-8GL Graphics Card",439,https://www.newegg.com/gigabyte-gv-n4060oc-8gl-nvidia-geforce-rtx-4060-8gb-gddr6/p/N82E16814932653,GIGABYTE
ASUS TUF Gaming Radeon RX 9070 XT 16GB 256-Bit GDDR6 PCI Express 5.0 RDNA 4 Graphics Card TUF-RX9070XT-O16G-GAMING,799,https://www.newegg.com/asus-tuf-gaming-tuf-rx9070xt-o16g-gaming-amd-radeon-rx-9070-16gb-gddr6/p/N82E16814126745,ASUS
GIGABYTE WindForce GeForce RTX 5070 Ti 16GB GDDR7 PCI Express 5.0 ATX Graphics Card GV-N507TWF3OC-16GD,869,https://www.newegg.com/gigabyte-windforce-gv-n507twf3oc-16gd-nvidia-geforce-rtx-5070-ti-16gb-gddr7/p/N82E16814932771,GIGABYTE
"GUNNIR Intel Arc B580 Index 12G GDDR6 ATX Gaming Graphics Card  (PCIe 4.0, 12GB GDDR6, XeSS, HDMI 2.1, DisplayPort 2.1)",341,https://www.newegg.com/gunnir-b580-index-12g-intel-b580-12gb-gddr6/p/3GM-0001-00007,N/A
ASRock Challenger Arc B570 10GB GDDR6 PCI Express 4.0 x8 ATX Graphics Card B570 CL 12GO,279,https://www.newegg.com/asrock-challenger-b570-cl-12go-intel-arc-b570-10gb-gddr6/p/N82E16814930134,ASRock
PowerColor RED DEVIL Radeon RX 9070 XT 16GB 256-Bit GDDR6 PCI Express 5.0 Graphics Card RX9070XT 16G-E/OC,899,https://www.newegg.com/powercolor-red-devil-rx9070xt-16g-e-oc-amd-radeon-rx-9070-xt-16gb-gddr6/p/N82E16814131869,PowerColor
MSI INSPIRE GeForce RTX 5070Ti 16GB GDDR7 PCI Express 5.0 Graphics Card RTX 5070 Ti 16G INSPIRE 3X OC,969,https://www.newegg.com/msi-rtx-5070-ti-16g-inspire-3x-oc-nvidia-geforce-rtx-5070-ti-16gb-gddr7/p/N82E16814137950,MSI
MSI Ventus GeForce RTX 5060 Ti 16GB GDDR7 PCI Express 5.0 x 16 (use x8) Graphics Card RTX 5060 Ti 16G VENTUS 2X PLUS,489,https://www.newegg.com/msi-rtx-5060-ti-16g-ventus-2x-plus-nvidia-geforce-rtx-5060-ti-16gb-gddr7/p/N82E16814137967,MSI
Yeston Radeon RX 7800 XT 16GD6 GDDR6  video cards Desktop computer PC Video Graphics Cards support PCI-Express 4.0 3*DP+1*HDMI-compatible RGB light effect Fragrant graphics card RX 7800XT,639,https://www.newegg.com/yeston-rx-7900xtx/p/27N-0042-000H7,N/A
GIGABYTE WINDFORCE GeForce RTX 3050 6GB GDDR6 PCI Express 4.0 x8 ATX Graphics Card GV-N3050WF2OCV2-6GD,256,https://www.newegg.com/gigabyte-windforce-gv-n3050wf2ocv2-6gd-nvidia-geforce-rtx-3050-6gb-gddr6/p/N82E16814932749,GIGABYTE
"XFX SPEEDSTER MERC310 AMD Radeon RX 7900XT 20GB GDDR6, AMD RDNA 3, 320 bit, 20GB GDDR6, AMD RDNA 3 Gaming Graphics Card WHITE",849,https://www.newegg.com/xfx-speedster-rx-79tmercw9-amd-radeon-rx-7700-xt-20gb-gddr6/p/N82E16814150898,XFX
ASUS TUF Gaming Radeon RX 9070 16GB 256-Bit GDDR6 PCI Express 5.0 RDNA 4 Graphics Card TUF-RX9070-O16G-GAMING,709,https://www.newegg.com/asus-tuf-gaming-tuf-rx9070-o16g-gaming-amd-radeon-rx-9070-16gb-gddr6/p/N82E16814126747,ASUS
MSI GeForce GT 1030 4GB GDDR4 PCI Express 3.0 x16 (uses x4) ATX Video Card GT 1030 4GD4 LP OC,99,https://www.newegg.com/msi-gt-1030-4gd4-lp-oc-nvidia-geforce-gt-1030-4gb-gddr4/p/N82E16814137812,MSI
Open Box SAPPHIRE PULSE Radeon RX 9070 XT 16GB GDDR6 PCI Express 5.0 x16 ATX Graphics Card 11348-03-20G,799,https://www.newegg.com/sapphire-pulse-11348-03-20g-amd-radeon-rx-9070-xt-16gb-gddr6/p/N82E16814202450R,Sapphire Tech
Peladn Gaming RTX 3050 6G Graphics Card GDDR6 PCI Express 4.0 Video Card Single-fan Edition,167,https://www.newegg.com/p/1FT-00EY-00031,N/A
"SAPPHIRE Tech NITRO+  Radeon RX 7900 XTX OC 24GB Graphics Card, 384 bit GDDR6G PCI-Express 4.0 x16 ATX Video Card, RDNA 3 Architecture, vapor-X, for deepseek, ai model, silver","1,384",https://www.newegg.com/p/27N-0005-001W7,Sapphire Tech
"ASUS Dual NVIDIA GeForce RTX 3050 6GB OC Edition Gaming Graphics Card - PCIe 4.0, 6GB GDDR6 Memory, HDMI 2.1, DisplayPort 1.4a, 2-slot Design, Axial-tech Fan Design, 0dB Technology, DUAL-RTX3050-O6G",209,https://www.newegg.com/asus-dual-rtx3050-o6g-nvidia-geforce-rtx-3050-6gb-gddr6/p/N82E16814126708,ASUS
SAPPHIRE PULSE Radeon RX 7600 XT 16GB GDDR6 PCI Express 4.0 x8 ATX Video Card 11339-04-20G,438,https://www.newegg.com/sapphire-pulse-11339-04-20g-amd-radeon-rx-7600-xt-16gb-gddr6/p/N82E16814202440,Sapphire Tech
Open Box MSI Ventus GeForce RTX 5070 12GB GDDR7 PCI Express 5.0 Graphics Card RTX 5070 12G VENTUS 2X OC,599,https://www.newegg.com/msi-rtx-5070-12g-ventus-2x-oc-nvidia-geforce-rtx-5070-12gb-gddr7/p/N82E16814137943R,MSI
"GUNNIR Intel Arc B580 Photon 12G OC Gaming Graphics Card (PCIe 4.0, 12GB GDDR6, HDMI 2.1, DisplayPort 2.1) Black",379,https://www.newegg.com/gunnir-b580-photon-b580-photon-12g-oc-intel-12gb-gddr6/p/3GM-0001-00009,N/A
PowerColor Hellhound Radeon RX 7900 XTX 24GB GDDR6 PCI Express 4.0 ATX Video Card RX7900XTX 24G-L/OC,"1,299",https://www.newegg.com/powercolor-radeon-rx-7900-xtx-rx7900xtx-24g-l-oc/p/N82E16814131808,PowerColor
"ASUS TUF Gaming NVIDIA GeForce RTX 4070 Ti SUPER Gaming Graphics Card (PCIe 4.0, 16GB GDDR6X, HDMI 2.1a, DisplayPort 1.4a) TUF-RTX4070TIS-16G-GAMING","1,388",https://www.newegg.com/asus-geforce-rtx-4070-ti-super-tuf-rtx4070tis-16g-gaming/p/N82E16814126686,ASUS
"GUNNIR Intel Arc B580 Index Video Card 12GB Black GDDR6 2670MHz Dual Fan Graphics Card (192-bit, PCI-Express 4.0 x8, One HDMI Three DisplayPorts, Supports 4k)",379,https://www.newegg.com/p/3GM-0001-00012,N/A
PELADN RX 580 8GB Graphics Card GPU DirectX 12 256-Bit GDDR5 PCI Express 3.0 Gaming Video Card,90,https://www.newegg.com/peladn-black-amd-rx-580-8gb-ddr5/p/27N-008H-00036,N/A
PowerColor Hellhound Radeon RX 9070 16GB 256-Bit GDDR6 PCI Express 5.0 RDNA 4 Graphics Card RX9070 16G-L/OC,699,https://www.newegg.com/powercolor-hellhound-rx9070-16g-l-oc-amd-radeon-rx-9070-16gb-gddr6/p/N82E16814131873,PowerColor
Yeston Radeon RX 550 4GB GDDR5 1183MHz 512processors PCIExpress 3.0 DirectX12 video cards Double slot DP+HDMI compatible +DVI-D graphics card of Desktop,69,https://www.newegg.com/yeston-radeon-rx-550-rx550-4gd5-th/p/27N-0042-000H6,N/A
"ZOTAC GAMING GeForce RTX 3050 ECO Edition 8GB GDDR6 128-bit 14 Gbps PCIE 4.0 Gaming Graphics Card, Active Fan Control, FREEZE Fan Stop, ZT-A30500K-10M",239,https://www.newegg.com/zotac-gaming-zt-a30500k-10m-nvidia-geforce-rtx-3050-8gb-gddr6/p/N82E16814500567,ZOTAC
"SRhonyra GT 730 4GB low profile graphics card 128 Bit DDR3,  2×HDMI dual monitors video card, single slot  PCIe X16 2.0, Compatible DirectX 11 OpenGL 4.2 for SFF PC 2U chassis",59,https://www.newegg.com/p/1FT-00J9-00015,N/A
Open Box MSI Ventus GeForce RTX 5070 Ti 16GB GDDR7 PCI Express 5.0 Graphics Card RTX 5070 TI 16G VENTUS 3X OC,869,https://www.newegg.com/msi-rtx-5070-ti-16g-ventus-3x-oc-nvidia-geforce-rtx-5070-ti-16gb-gddr7/p/N82E16814137933R,MSI
Refurbished 51Risc AMD Radeon RX 580 DirectX 12 RX580 8G 256-Bit GDDR5 PCI Express 3.0 x16 HDCP Gaming Video Card Mining GPU,88,https://www.newegg.com/51risc-rx580-8g-2048sp-amd-radeon-rx-580-8gb-gddr5/p/27N-0081-00043,N/A
Open Box ZOTAC Solid OC GeForce RTX 5070 12GB 192-Bit GDDR7 PCI Express 5.0 DLSS 4.0 Graphics Card ZOTAC GAMING ZT-B50700J-10P,599,https://www.newegg.com/zotac-gaming-geforce-rtx-5070-solid-oc-nvidia-12gb-gddr7/p/N82E16814500603R,ZOTAC
XFX Gaming Radeon RX 7900 GRE 16GB GDDR6 PCI Express 4.0 x16 Video Card RX-79GMERCB9,729,https://www.newegg.com/xfx-radeon-rx-7900-gre-rx-79gmercb9/p/N82E16814150891,XFX
Open Box GIGABYTE Gaming GeForce RTX 5070 Ti 16GB GDDR7 PCI Express 5.0 ATX Graphics Card GV-N507TGAMING OC-16GD,919,https://www.newegg.com/gigabyte-gv-n507tgaming-oc-16gd-nvidia-geforce-rtx-5070-ti-16gb-gddr7/p/N82E16814932768R,GIGABYTE
Open Box GIGABYTE WindForce GeForce RTX 5070 12GB GDDR7 PCI Express 5.0 ATX Graphics Card GV-N5070WF3OC-12GD,599,https://www.newegg.com/gigabyte-windforce-gv-n5070wf3oc-12gd-nvidia-geforce-rtx-5070-12gb-gddr7/p/N82E16814932777R,GIGABYTE
Open Box ASRock Taichi White Radeon RX 7900 XTX 24GB GDDR6 PCI Express 4.0 x16 ATX Video Card RX7900XTX TCW 24GO,999,https://www.newegg.com/asrock-radeon-rx-7900-xtx-rx7900xtx-tcw-24go/p/N82E16814930090R,ASRock
"ZOTAC GAMING GeForce RTX 4070 Twin Edge OC DLSS 3 12GB GDDR6X 192-bit 21 Gbps PCIE 4.0 Compact Gaming Graphics Card, IceStorm 2.0 Advanced Cooling, SPECTRA RGB Lighting, ZT-D40700H-10M",959,https://www.newegg.com/zotac-twin-edge-zt-d40700h-10m-nvidia-geforce-rtx-4070-12gb-gddr6x/p/N82E16814500552,ZOTAC
Peladn Gaming GeForce RTX 2060 6G Graphics Card GDDR6 PCI Express 3.0 Video Card Dual-fan Edition HDMI DP 1.4,207,https://www.newegg.com/p/1FT-00EY-00006,N/A
Yeston GeForce GTX 1050 Ti 4GB GDDR5 Graphics cards pci express x16 3.0 video cards Desktop computer PC video gaming graphics card,124,https://www.newegg.com/yeston-geforce-gtx-1050-ti-gtx-1050-ti-4gb/p/1FT-007N-00078,N/A
"Refurbished AMD Radeon RX 6700 XT 12GB GDDR6 Gaming Graphics Card , Powered by AMD RDNA 2, HDMI 2.1, (Radeon RX 6700 XT 12G)",344,https://www.newegg.com/radeon-rx-6700-xt-amd-radeon-rx-6700xt/p/27N-0018-00114,AMD
"ASUS Dual NVIDIA GeForce RTX 3060 V2 OC Edition 12GB GDDR6 Gaming Graphics Card (PCIe 4.0, 12GB GDDR6 Memory, HDMI 2.1, DisplayPort 1.4a, 2-Slot, Axial-tech Fan Design, 0dB Technology)",409,https://www.newegg.com/p/1FT-000Y-008X2,ASUS
Refurbished PNY VERTO GeForce RTX 4070 Ti SUPER 16GB GDDR6X PCI Express 4.0 x16 ATX Video Card VCG4070S16TFXXPB1-O,899,https://www.newegg.com/pny-verto-vcg4070s16tfxxpb1-o-nvidia-geforce-rtx-4070-ti-super-16gb-gddr6x/p/N82E16814133937,N/A
ASUS ROG Strix GeForce RTX 5070 Ti OC Edition 16GB 256-Bit GDDR7 PCI Express 5.0 DLSS 4.0 Graphics Card ROG-STRIX-RTX5070TI-O16G-GAMING,"1,079",https://www.newegg.com/asus-rog-strix-rog-strix-rtx5070ti-o16g-gaming-nvidia-geforce-rtx-5070-ti-16gb-gddr7/p/N82E16814126777,ASUS
Open Box ASUS TUF Gaming GeForce RTX 5070 OC 12GB 192-Bit GDDR7 PCI Express 5.0 DLSS 4.0 Graphics Card TUF-RTX5070-O12G-GAMING,649,https://www.newegg.com/asus-tuf-gaming-tuf-rtx5070-o12g-gaming-nvidia-geforce-rtx-5070-12gb-gddr7/p/N82E16814126758R,ASUS
Refurbished 51RISC RX6600M 8GB Graphics Card GPU GDDR6 128-bit 14 Gbps 7nm video card Support Desktop CPU placa de video RX6600,195,https://www.newegg.com/p/27N-0081-00042,N/A
SOYO New Gaming Graphics Cards NVIDIA GeForce RTX 3060 12GB GDDR6 192 Bit Desktop GPU Video Card For PC,349,https://www.newegg.com/p/1FT-00GG-00020,N/A
ZOTAC AMP GeForce RTX 5060 8GB GDDR7 PCI Express 5.0 x8 ATX Graphics Card RTX 5060 AMP,319,https://www.newegg.com/zotac-rtx-5060-amp-nvidia-geforce-rtx-5060-8gb-gddr7/p/N82E16814500620,ZOTAC
Open Box ZOTAC SOLID SFF OC GeForce RTX 5070 Ti 16GB 256-Bit GDDR7 DLSS 4.0 PIC-Express 5.0 Graphics Card ZT-B50710J3-10P,849,https://www.newegg.com/zotac-gaming-geforce-rtx-5070-ti-solid-sff-oc-nvidia-16gb-gddr7/p/N82E16814500607R,ZOTAC
SOYO Original RX580 8G Graphics Card GDDR5 Memory Video Gaming Card PCIE3.0x16 HDMI DP*3 for Desktop Computer,93,https://www.newegg.com/p/27N-008K-00003,N/A
Open Box ASRock Phantom Gaming Radeon RX 7900 XT 20GB GDDR6 PCI Express 4.0 ATX Video Card RX7900XT PG 20GO,679,https://www.newegg.com/asrock-phantom-gaming-rx7900xt-pg-20go-amd-radeon-rx-7900-xt-20gb-gddr6/p/N82E16814930083R,ASRock
"SAPPHIRE Tech PURE  RX 7800 XT 16G D6 OC Gaming Graphics Card, AMD RDNA 3, 19.5 Gbps, PCIe 4.0, 16GB GDDR6, HDMI 4K, DisplayPort 2.1a, 256 bit, High TG Copper PCB, Digital Power Design, WHITE",744,https://www.newegg.com/p/27N-0005-00245,Sapphire Tech
"GIGABYTE GeForce RTX 4060 GAMING OC 8G Graphics Card, 3x WINDFORCE Fans, 8GB 128-bit GDDR6, GV-N4060GAMING OC-8GD Graphics Card",455,https://www.newegg.com/gigabyte-gv-n4060gaming-oc-8gd-nvidia-geforce-rtx-4060-8gb-gddr6/p/N82E16814932628,GIGABYTE
"ASUS Dual GeForce RTX 4070 SUPER EVO White OC Edition PCIE 4.0, 12GB GDDR6X, DLSS 3, HDMI 2.1a, DisplayPort 1.4a, WHITE Graphics Card DUAL-RTX4070S-O12G-EVO-WHITE","1,099",https://www.newegg.com/asus-dual-rtx4070s-o12g-evo-white-nvidia-geforce-rtx-4070-super-12gb-gddr6x/p/N82E16814126738,ASUS
"GIGABYTE GeForce RTX 4060 Ti GAMING OC 16G Graphics Card, 3x WINDFORCE Fans, 16GB 128-bit GDDR6, GV-N406TGAMING OC-16GD Video Card",850,https://www.newegg.com/gigabyte-gv-n406tgaming-oc-16gd-nvidia-geforce-rtx-4060-ti-16gb-gddr6/p/N82E16814932635,GIGABYTE
"GIGABYTE GeForce RTX 4070 SUPER GAMING OC 12G Graphics Card, 3x WINDFORCE Fans, 12GB 192-bit GDDR6X, GV-N407SGAMING OC-12GD  Video Card",839,https://www.newegg.com/gigabyte-gv-n407sgaming-oc-12gd-nvidia-geforce-rtx-4070-super-12gb-gddr6x/p/N82E16814932681,GIGABYTE
MSI GeForce 210 1GB DDR3 PCI Express 2.0 x16 Low Profile Ready Graphics Card N210-MD1G/D3,44,https://www.newegg.com/msi-n210-md1g-d3-nvidia-geforce-210-1gb-gddr3/p/N82E16814127515,MSI
MSI GeForce GT 1030 4GB GDDR4 PCI Express 3.0 x16 (uses x4) ATX Graphics Card GT 1030 4GHD4 LP OC,99,https://www.newegg.com/p/N82E16814137904,MSI
ASUS Dual GeForce RTX 4070 12GB GDDR6 PCI Express 4.0 ATX Graphics Card DUAL-RTX4070-O12GD6-EVO 12GB GDDR6,859,https://www.newegg.com/asus-dual-rtx4070-o12gd6-evo-nvidia-geforce-rtx-4070-12gb-gddr6/p/N82E16814126737,ASUS
"GIGABYTE GeForce RTX 4070 Ti SUPER GAMING OC 16G Graphics Card, 3x WINDFORCE Fans, 16GB 256-bit GDDR6X, GV-N407TSGAMING OC-16GD Video Card","1,322",https://www.newegg.com/gigabyte-gv-n407tsgaming-oc-16gd-nvidia-geforce-rtx-4070-ti-super-16gb-gddr6x/p/N82E16814932676,GIGABYTE
GIGABYTE GeForce GT 710 2GB DDR3 PCI Express 2.0 x8 Low Profile Video Card GV-N710D3-2GL 1.0,48,https://www.newegg.com/gigabyte-geforce-gt-710-gv-n710d3-2gl-1-0/p/N82E16814125844,GIGABYTE
"Used - Very Good ASRock Radeon RX 6700 XT Challenger Pro Gaming Graphic Card, 12GB GDDR6 VRAM, AMD RDNA2 (RX6700XT CLP 12GO)",399,https://www.newegg.com/asrock-radeon-rx-6700-xt-rx6700xt-clp-12go/p/N82E16814930055,ASRock
MSI Ventus GeForce RTX 4070 12GB GDDR6 PCI Express 4.0 ATX Graphics Card RTX 4070 VENTUS 2X E1 12G OC,848,https://www.newegg.com/msi-rtx-4070-ventus-2x-e1-12g-oc-nvidia-geforce-rtx-4070-12gb-gddr6/p/N82E16814137897,MSI
Open Box ASUS PRIME GeForce RTX 5080 16GB GDDR7 OC Edition PRIME-RTX5080-O16G PCI-Express 5.0 DLSS 4.0 Graphics Card,"1,369",https://www.newegg.com/asus-prime-rtx5080-o16g-nvidia-geforce-rtx-5080-16gb-gddr7/p/N82E16814126744R,ASUS
"MAXSUN AMD Radeon RX 580 8GB 2048SP GDDR5 Computer Video Graphics Card White GPU for PC Gaming 256-Bit DirectX 12 HDMI, DisplayPort, DVI Multi Monitors Extend",112,https://www.newegg.com/maxsun-radeon-rx-580/p/27N-0053-00048,N/A
PowerColor Hellhound Spectral White AMD Radeon RX 7800 XT 16GB GDDR6 WHITE Graphics Card,799,https://www.newegg.com/powercolor-hellhound-rx7800xt-16g-l-oc-white-amd-radeon-rx-7800-xt-16gb-gddr6/p/N82E16814131867,PowerColor
Refurbished ASUS RTX 4080 Super OC 16GB GDDR6X TUF-RTX4080S-O16G-GAMING Video Graphics Card,"1,299",https://www.newegg.com/p/1FT-000Y-00B77,ASUS
Used - Like New ASRock Challenger D Radeon RX 6600 XT 8GB GDDR6 PCI Express 4.0 Graphics Card RX6600XT CLD 8GO,260,https://www.newegg.com/asrock-challenger-d-rx6600xt-cld-8go-amd-radeon-rx-6600-xt-8gb-gddr6/p/N82E16814930063,ASRock
MSI Ventus GeForce RTX 4070 Ti SUPER 16GB GDDR6X PCI Express 4.0 ATX Video Card RTX 4070 Ti SUPER 16G VENTUS 3X,"1,620",https://www.newegg.com/msi-geforce-rtx-4070-ti-super-rtx-4070-ti-super-16g-ventus-3x/p/N82E16814137869,MSI
Used - Like New XFX Radeon RX 580 DirectX 12 RX-580P8DFD6 XXX Edition 8GB 256-Bit GDDR5 PCI Express 3.0 CrossFireX Support Video Card,119,https://www.newegg.com/xfx-radeon-rx-580-rx-580p8dfd6/p/N82E16814150803,XFX
MSI Ventus GeForce RTX 4060 Ti 8GB GDDR6 PCI Express 4.0 x8 ATX Video Card RTX 4060 Ti VENTUS 3X 8G OC,664,https://www.newegg.com/msi-rtx-4060-ti-ventus-3x-8g-oc-nvidia-geforce-rtx-4060-ti-8gb-gddr6/p/N82E16814137798,MSI
MSI Ventus GeForce RTX 4070 Ti SUPER 16GB GDDR6X PCI Express 4.0 ATX Video Card RTX 4070 Ti SUPER 16G VENTUS 3X OC,"1,299",https://www.newegg.com/msi-rtx-4070-ti-super-16g-ventus-3x-oc-nvidia-geforce-rtx-4070-ti-super-16gb-gddr6x/p/N82E16814137856,MSI
Refurbished XFX SPEEDSTER MERC310 Radeon RX 7900 XTX 24GB GDDR6 PCI Express 4.0 x16 Graphics Card RX-79XMERCB9,949,https://www.newegg.com/xfx-speedster-merc310-video-card-rx-79xmercb9-amd-radeon-rx-7900-xtx-24gb-gddr6/p/N82E16814150878T,XFX
Open Box ASRock Phantom Gaming Radeon RX 7900 XT 20GB GDDR6 PCI Express 4.0 ATX Video Card RX7900XT PGW 20GO,709,https://www.newegg.com/asrock-phantom-gaming-rx7900xt-pgw-20go-amd-radeon-rx-7900-xt-20gb-gddr6/p/N82E16814930117R,ASRock
Open Box PowerColor Hellhound Radeon RX 9070 XT 16GB 256-Bit GDDR6 PCI Express 5.0 RDNA 4 Graphics Card RX9070XT 16G-L/OC,829,https://www.newegg.com/powercolor-hellhound-rx9070xt-16g-l-oc-amd-radeon-rx-9070-xt-16gb-gddr6/p/N82E16814131870R,PowerColor
"XFX RX-97TSWF3BA Swift AMD Radeon RX 9070XT Triple Fan Gaming Edition with 16GB GDDR6 HDMI 3xDP, AMD RDNA 4",848,https://www.newegg.com/p/27N-0002-001G5,XFX
GIGABYTE Eagle GeForce RTX 5060 Ti 16GB GDDR7 PCI Express 5.0 x8 ATX Graphics Card GV-N506TEAGLE OC-16GD,509,https://www.newegg.com/gigabyte-gv-n506teagle-oc-16gd-nvidia-geforce-rtx-5060-ti-16gb-gddr7/p/N82E16814932789,GIGABYTE
"ASUS ROG Strix GeForce RTX 4070 Ti SUPER OC Edition Gaming Graphics Card (PCIe 4.0, 16GB GDDR6X, DLSS 3, Massive vented backplate, Power sensing, Aura Sync) ROG-STRIX-RTX4070TIS-O16G-GAMING","1,560",https://www.newegg.com/asus-rog-strix-rtx4070tis-o16g-gaming-nvidia-geforce-rtx-4070-ti-super-16gb-gddr6x/p/N82E16814126695,ASUS
"ASUS ROG Strix GeForce RTX 4080 SUPER OC Edition Gaming Graphics Card (PCIe 4.0, 16GB GDDR6X, DLSS 3, HDMI 2.1a, DisplayPort 1.4a, Vapor chamber, Aura Sync) ROG-STRIX-RTX4080S-O16G-GAMING","1,852",https://www.newegg.com/asus-geforce-rtx-4080-super-rog-strix-rtx4080s-o16g-gaming/p/N82E16814126692,ASUS
ASUS PRIME GeForce RTX 5060 Ti 8GB 128-Bit GDDR7 PCI Express 5.0 x8 DLSS 4.0 Graphics Card PRIME-RTX5060TI-8G,419,https://www.newegg.com/asus-prime-rtx5060ti-8g-nvidia-geforce-rtx-5060-ti-8gb-gddr7/p/N82E16814126794,ASUS
Refurbished XFX Radeon RX 580 8GB XXX Edition GDDR5 RX-580S85D Video Graphics Card GPU,89,https://www.newegg.com/p/27N-0002-001G1,XFX
ZOTAC Gaming SOLID GeForce RTX 5090 32GB 512-Bit GDDR7 PCI Express 5.0 x16 DLSS 4.0 Graphics Card ZT-B50900D-10P,"3,199",https://www.newegg.com/zotac-solid-zt-b50900d-10p-nvidia-geforce-rtx-5090-32gb-gddr7/p/N82E16814500597,ZOTAC
Peladn Gaming GTX 1660Super 6G Graphics Card GDDR6 PCI Express 3.0 Video Card Dual-fan Edition,177,https://www.newegg.com/p/1FT-00EY-00016,N/A
PowerColor Fighter Radeon RX 6500 XT 4GB GDDR6 PCI Express 4.0 ATX Video Card AXRX 6500XT 4GBD6-DH/OC,169,https://www.newegg.com/powercolor-radeon-rx-6500-xt-axrx-6500xt-4gbd6-dh-oc/p/N82E16814131792,PowerColor
"ASRock Radeon RX 6700 XT Challenger D Gaming Graphic Card, 12GB GDDR6 VRAM, AMD RDNA2 (RX6700XT CLD 12G)",778,https://www.newegg.com/asrock-radeon-rx-6700-xt-rx6700xt-cld-12g/p/N82E16814930056,ASRock
MSI Gaming GeForce RTX 4060 Ti 16GB GDDR6 PCI Express 4.0 x8 ATX Video Card RTX 4060 TI GAMING X SLIM 16G,899,https://www.newegg.com/msi-geforce-rtx-4060-ti-rtx-4060-ti-gaming-x-slim-16g/p/N82E16814137836,MSI
Refurbished PNY XLR8 Gaming VERTO GeForce RTX 4070 12GB GDDR6X PCI Express 4.0 x16 ATX Video Card VCG407012TFXXPB1,569,https://www.newegg.com/pny-xlr8-gaming-verto-vcg407012tfxxpb1-nvidia-geforce-rtx-4070-12gb-gddr6x/p/N82E16814133927,N/A
"SRhonyra AMD Radeon RX 550 2 HDMI Dual Monitors Video Card Low Profile Graphics Card Single Slot 4G GDDR5 PCIE 3.0 8X ,16X Compatible low profile gpu SFF gpu",129,https://www.newegg.com/srhonyra-radeon-rx-550-sr552h41/p/1DW-00KJ-00008,N/A
GIGABYTE Gaming GeForce RTX 5060 Ti 8GB GDDR7 PCI Express 5.0 x8 ATX Graphics Card GV-N506TGAMING OC-8GD,449,https://www.newegg.com/gigabyte-gv-n506tgaming-oc-8gd-nvidia-geforce-rtx-5060-ti-8gb-gddr7/p/N82E16814932793,GIGABYTE
Refurbished ASUS GeForce RTX 3070 8GB Turbo V2 GDDR6 Video Graphics Card GPU,449,https://www.newegg.com/p/1FT-000Y-00B59,ASUS
Refurbished MSI Ventus GeForce RTX 3050 8GB GDDR6 PCI Express 4.0 x8 ATX Video Card RTX 3050 VENTUS 2X XS 8G OC,219,https://www.newegg.com/msi-geforce-rtx-3050-rtx-3050-ventus-2x-xs-8g-oc/p/1FT-0009-00BY2,MSI
Refurbished GIGABYTE WINDFORCE GeForce RTX 4070 12GB GDDR6X PCI Express 4.0 x16 ATX Graphics Card GV-N4070WF3OC-12GD,599,https://www.newegg.com/gigabyte-geforce-rtx-4070-gv-n4070wf3oc-12gd/p/N82E16814932611T,GIGABYTE
PowerColor Hellhound Sakura Radeon RX 7800 XT 16GB GDDR6 PCI Express 4.0 x16 ATX Graphics Card RX7800XT 16G-L/OC/SAKURA,859,https://www.newegg.com/powercolor-hellhound-sakura-rx7800xt-16g-l-oc-sakura-amd-radeon-rx-7800-xt-16gb-gddr6/p/N82E16814131866,PowerColor
"ASUS ROG Strix GeForce RTX 4080 OC Edition Gaming Graphics Card (PCIe 4.0, 16GB GDDR6X, HDMI 2.1a, DisplayPort 1.4a) ROG-STRIX-RTX4080-O16G-GAMING","1,999",https://www.newegg.com/p/1FT-000Y-00960,ASUS
Open Box ASRock Taichi Radeon RX 7900 XTX 24GB GDDR6 PCI Express 4.0 ATX Video Card RX7900XTX TC 24GO,999,https://www.newegg.com/asrock-taichi-rx7900xtx-tc-24go-amd-radeon-rx-7900-xtx-24gb-gddr6/p/N82E16814930080R,ASRock
"GIGABYTE GeForce RTX 4070 SUPER EAGLE OC ICE 12G Graphics Card, 3x WINDFORCE Fans, 12GB 192-bit GDDR6X, GV-N407SEAGLEOC ICE-12GD Video Card","1,049",https://www.newegg.com/gigabyte-gv-n407seagleoc-ice-12gd-nvidia-geforce-rtx-4070-super-12gb-gddr6x/p/N82E16814932693,GIGABYTE
PNY GeForce RTX 4080 SUPER 16GB VERTO Overclocked Triple Fan DLSS 3 VCG4080S16TFXPB1-O,"1,999",https://www.newegg.com/pny-verto-vcg4080s16tfxpb1-o-nvidia-geforce-rtx-4080-super-16gb-gddr6x/p/N82E16814133867,N/A
"ASUS TUF Gaming GeForce RTX 4070 Ti SUPER OG Gaming Graphics Card (PCIe 4.0, 16GB GDDR6X, DLSS 3, HDMI 2.1a, DisplayPort 1.4a) TUF-RTX4070TIS-16G-OG-GAMING Video Card","1,399",https://www.newegg.com/asus-tuf-gaming-tuf-rtx4070tis-16g-og-gaming-nvidia-geforce-rtx-4070-ti-super-16gb-gddr6x/p/N82E16814126739,ASUS
ASUS PRIME GeForce RTX 5060 8GB GDDR7 PCI Express 5.0 x8 Graphics Card PRIME-RTX5060-O8G,379,https://www.newegg.com/asus-prime-rtx5060-o8g-nvidia-geforce-rtx-5060-8gb-gddr7/p/N82E16814126801,ASUS
"Refurbished EVGA GeForce RTX 3090 FTW3 ULTRA GAMING Video Card, 24G-P5-3987-KR, 24GB GDDR6X, iCX3 Technology, ARGB LED, Metal Backplate",949,https://www.newegg.com/evga-geforce-rtx-3090-24g-p5-3987-kr/p/1FT-001K-00FP5,N/A
"GUNNIR Intel Arc A770 Photon 16GB OC GDDR6 2400MHz Triple Fan White Graphics Card (256-bit, PCIe 4.0, HDMI/DisplayPort, Supports 4k)",389,https://www.newegg.com/p/3GM-0001-00014,N/A
Refurbished PNY NVIDIA GeForce RTX 3080 Graphic Card - 10 GB GDDR6X - 7680 x 4320 - PCI Express 4.0,499,https://www.newegg.com/pny-xlr8-vcg308010tfxppb-nvidia-geforce-rtx-3080-10gb-gddr6x/p/1DW-000M-001U8,N/A
Refurbished XFX Radeon RX 570 XXX Edition 8GB GDDR5 RX-570P8D Video Graphic Card GPU,79,https://www.newegg.com/p/27N-0002-001F8,XFX
"GIGABYTE GeForce RTX 4070 SUPER AERO OC 12G Graphics Card, 3x WINDFORCE Fans, 12GB 192-bit GDDR6X, GV-N407SAERO OC-12GD Video Card",928,https://www.newegg.com/gigabyte-gv-n407saero-oc-12gd-nvidia-geforce-rtx-4070-super-12gb-gddr6x/p/N82E16814932680,GIGABYTE
"ASUS ROG Strix NVIDIA GeForce RTX 3080 Ti OC Edition Gaming Graphics Card (PCIe 4.0, 12GB GDDR6X, HDMI 2.1, Axial-tech Fan Design, 2.9-Slot, Super Alloy Power II, ASUS Auto-Extreme Technology)","1,179",https://www.newegg.com/asus-geforce-rtx-3080-ti-rog-strix-rtx3080ti-o12g-gaming/p/N82E16814126508,ASUS
Open Box MSI Gaming GeForce RTX 5060 Ti 16GB GDDR7 PCI Express 5.0 x 16 (use x8) Graphics Card RTX 5060 Ti 16G GAMING TRIO OC,549,https://www.newegg.com/msi-rtx-5060-ti-16g-gaming-trio-oc-nvidia-geforce-rtx-5060-ti-16gb-gddr7/p/N82E16814137954R,MSI
"MAXSUN NVIDIA GEFORCE GT 710 1GB Video Graphics Card GPU, Support DirectX 12 OpenGl 4.5, Low Profile, Low Consumption, VGA, DVI-D, HDMI, HDCP, Silent",52,https://www.newegg.com/maxsun-model-ms-gt710hammerii1g/p/1DW-009S-00040,N/A
MSI Radeon RX 6600 XT 8GB GDDR6 PCI Express 4.0 ATX Video Card RX 6600 XT MECH 2X 8G V1,375,https://www.newegg.com/msi-radeon-rx-6600-xt-rx-6600-xt-mech-2x-8g-v1/p/N82E16814137697,MSI
Refurbished PNY VERTO GeForce RTX 4070 Ti SUPER 16GB GDDR6X PCI Express 4.0 x16 ATX Video Card VCG4070S16TFXXPB1-O,899,https://www.newegg.com/pny-verto-vcg4070s16tfxxpb1-o-nvidia-geforce-rtx-4070-ti-super-16gb-gddr6x/p/N82E16814133936,N/A
NVIDIA GeForce RTX 4070 Founders Edition Graphics Card 12GB GDDR6X - Titanium and Black,"1,395",https://www.newegg.com/nvidia-founders-edition-video-cards-900-1g141-2544-000-geforce-rtx-4070-12gb-gddr6x/p/1FT-0004-00858,NVIDIA
"ASUS Dual GeForce RTX 4070 SUPER EVO OC Edition 12GB GDDR6X (PCIe 4.0, 12GB GDDR6X, DLSS 3, HDMI 2.1a, DisplayPort 1.4a, 2.5-slot design, Axial-tech fan design, 0dB technology) DUAL-RTX4070S-O12G-EVO",851,https://www.newegg.com/asus-dual-rtx4070s-o12g-evo-nvidia-geforce-rtx-4070-super-12gb-gddr6x/p/N82E16814126711,ASUS
ZOTAC Twin Edge OC RTX 3050 6GB GeForce RTX 3050 Graphics Card ZT-A30510H-10L,209,https://www.newegg.com/zotac-twin-edge-oc-zt-a30510h-10l-nvidia-geforce-rtx-3050-6gb-gddr6/p/N82E16814500592,ZOTAC
Refurbished MSI Gaming GeForce RTX 3070 8GB GDDR6 PCI Express 4.0 Video Card RTX 3070 GAMING X TRIO,444,https://www.newegg.com/msi-geforce-rtx-3070-rtx-3070-gaming-x-trio/p/1FT-0009-00AK1,MSI
"ZOTAC GAMING GeForce RTX 4080 SUPER Trinity OC White Edition DLSS 3 16GB GDDR6X 256-bit 23 Gbps PCIE 4.0 Gaming Graphics Card, IceStorm 2.0 Advanced Cooling, SPECTRA RGB Lighting, ZT-D40820Q-10P","2,350",https://www.newegg.com/zotac-trinity-zt-d40820q-10p-nvidia-geforce-rtx-4080-super-16gb-gddr6x/p/N82E16814500581,ZOTAC
"MAXSUN AMD Radeon R5 220 1GB Graphics Card GPU (DVI-I, HDMI, VGA) - Low Profile Ready",35,https://www.newegg.com/maxsun-hammer-video-cards-amd-radeon-r5-220-1gb-ddr3/p/27N-0053-00050,N/A
NVIDIA GeForce RTX 4080 Founders Edition Graphics Card 16GB GDDR6X - Titanium and Black,"2,199",https://www.newegg.com/nvidia-founders-edition-video-cards-900-1g136-2560-000-geforce-rtx-4080-16gb-gddr6x/p/1FT-0004-00844,NVIDIA
"GUNNIR Intel Arc A770 Photon 16GB OC GDDR6 2400MHz Triple Fan Black Graphics Card (256-bit, PCIe 4.0, HDMI/DisplayPort, Supports 4k)",349,https://www.newegg.com/p/3GM-0001-00013,N/A
Refurbished ASUS GeForce RTX 4090 TUF OC 24GB GDDR6X TUF-RTX4090-O24G-GAMING Video Graphic Card GPU,"2,699",https://www.newegg.com/asus-rtx-4090/p/1FT-000Y-00907,ASUS
"GUNNIR Intel Arc B580 12GB Photon OC Black GDDR6 2850MHz Triple Fan Graphics Card (192-bit, PCI-Express 4.0 x8, HDMI/DisplayPort, Supports 4k)",405,https://www.newegg.com/p/3GM-0001-00010,N/A
Refurbished PNY VERTO GeForce RTX 4060 Ti 8GB GDDR6 PCI Express 4.0 x8 ATX Video Card VCG4060T8DFXPB1-O,399,https://www.newegg.com/pny-verto-vcg4060t8dfxpb1-o-nvidia-geforce-rtx-4060-ti-8gb-gddr6/p/N82E16814133922,N/A
"GPVHOSO RX 5700 XT Graphics Card, AMD Radeon RX 5700 XT 8GB GDDR6 2560SP 256bit PCI-e 4.0 x16 GPU Computer Graphics Cards, HDMI/DisplayPort*3 Interface, Support Up to 8K Video Cards for PC",229,https://www.newegg.com/p/27N-0061-00011,N/A
PowerColor AMD Radeon RX 6500XT ITX Gaming Graphics Card 4GB GDDR6,179,https://www.newegg.com/powercolor-radeon-rx-6500-xt-axrx-6500xt-4gbd6-dh/p/N82E16814131793,PowerColor
"Refurbished GIGABYTE GeForce RTX 4060 WINDFORCE OC 8G Graphics Card, 2x WINDFORCE Fans, 8GB 128-bit GDDR6, GV-N4060WF2OC-8GD  Graphics Card",329,https://www.newegg.com/gigabyte-windforce-video-card-gv-n4060wf2oc-8gd-nvidia-geforce-rtx-4060-8gb-gddr6/p/N82E16814932630T,GIGABYTE
"GUNNIR Intel Arc A770 Photon 16G OC W Gaming Graphics Card (PCIe 4.0, 16GB GDDR6, HDMI 2.0, DisplayPort 2.0) White",359,https://www.newegg.com/gunnir-a770-photon-16g-oc-w-intel-arc-a770-16gb-gddr6/p/3GM-0001-00001,N/A
Refurbished MSI Gaming GeForce RTX 4080 16GB GDDR6X PCI Express 4.0 Graphics Card RTX 4080 16GB GAMING X TRIO,"1,099",https://www.newegg.com/msi-video-card-rtx-4080-16gb-gaming-x-trio-nvidia-geforce-rtx-4080-gddr6x/p/N82E16814137766T,MSI
NVIDIA GeForce RTX 3070 Ti Founders Edition Graphics Card 8GB GDDR6X - Titanium and Black,768,https://www.newegg.com/nvidia-founders-edition-video-card-900-1g143-2515-000-geforce-rtx-3070-ti-8gb-gddr6x/p/N82E16814132097,NVIDIA
"ASUS ROG Strix GeForce RTX 3060 12GB GDDR6 PCI Express 4.0 Video Card, OC Edition ROG-STRIX-RTX3060-O12G-GAMING",699,https://www.newegg.com/asus-geforce-rtx-3060-rog-strix-rtx3060-o12g-gaming/p/N82E16814126492,ASUS
ZOTAC GeForce GT 730 4GB DDR3 PCI Express 2.0 Zone Edition Video Card ZT-71115-20L,79,https://www.newegg.com/zotac-geforce-gt-730-zt-71115-20l/p/N82E16814500368,ZOTAC
Refurbished MSI Mech Radeon RX 6700 XT 12GB GDDR6 PCI Express 4.0 Video Card RX 6700 XT MECH 2X 12G OC,364,https://www.newegg.com/msi-radeon-rx-6700-xt-rx-6700-xt-mech-2x-12g-oc/p/1FT-0009-00AR5,MSI
Refurbished PNY VERTO GeForce RTX 4060 Ti 16GB GDDR6 PCI Express 4.0 x8 ATX Graphics Card VCG4060T16DFXPB1,469,https://www.newegg.com/pny-verto-vcg4060t16dfxpb1-nvidia-geforce-rtx-4060-ti-16gb-gddr6/p/N82E16814133976,N/A
Open Box ASUS PRIME GeForce RTX 5070 Ti 16GB GDDR7 OC Edition PCI Express 5.0 DLSS 4.0 Graphics Card PRIME-RTX5070TI-O16G,919,https://www.newegg.com/asus-prime-rtx5070ti-o16g-nvidia-geforce-rtx-5070-ti-16gb-gddr7/p/N82E16814126756R,ASUS
Refurbished MSI Ventus GeForce RTX 4080 16GB GDDR6X PCI Express 4.0 Graphics Card RTX 4080 16GB VENTUS 3X OC,"1,099",https://www.newegg.com/msi-rtx-4080-16gb-ventus-3x-oc-nvidia-geforce-rtx-4080-gddr6x/p/N82E16814137765T,MSI
SRhonyra GeForce GT 1030 4GB  Graphics Card  HDMI +DisplayPort  Support 2 monitors display 4K resolution  pci express 3.0 Low Profile GPU,99,https://www.newegg.com/p/1FT-00J9-00016,N/A
Refurbished PNY VERTO GeForce RTX 4070 SUPER 12GB GDDR6X PCI Express 4.0 x16 ATX Video Card VCG4070S12DFXPB1-O,699,https://www.newegg.com/pny-verto-vcg4070s12dfxpb1-o-nvidia-geforce-rtx-4070-super-12gb-gddr6x/p/N82E16814133933,N/A
ASUS GeForce GT 710 GT710-SL-2GD5-BRK-EVO 2GB DDR5  Video Card,49,https://www.newegg.com/p/1FT-000Y-00B26,ASUS
PowerColor Radeon RX 7900 XT 20GB GDDR6 PCI Express 4.0 ATX Video Card RX7900XT 20GB,949,https://www.newegg.com/powercolor-radeon-rx-7900-xt-rx7900xt-20gb/p/N82E16814131813,PowerColor
Used - Like New ASRock Radeon RX 5700 XT 8GB GDDR6 PCI Express 4.0 Video Card RX 5700 XT TAICHI X 8G OC+,289,https://www.newegg.com/asrock-radeon-rx-5700-xt-rx-5700-xt-taichi-x-8g-oc/p/N82E16814930022,ASRock
"ASUS Prime GeForce RTX 4070 SUPER OC Edition 12GB GDDR6X Graphics Card (PCIe 4.0, 12GB GDDR6X, DLSS 3, HDMI 2.1a, DisplayPort 1.4a) PRIME-RTX4070S-O12G","1,061",https://www.newegg.com/asus-prime-rtx4070s-o12g-nvidia-geforce-rtx-4070-super-12gb-gddr6x/p/N82E16814126732,ASUS
MSI Ventus GeForce GTX 1660 SUPER 6GB GDDR6 PCI Express 3.0 x16 Video Card GTX 1660 SUPER VENTUS XS OC,370,https://www.newegg.com/msi-geforce-gtx-1660-super-gtx-1660-super-ventus-xs-oc/p/N82E16814137475,MSI
"Open Box ZOTAC GAMING GeForce RTX 4070 Ti SUPER SOLID OC DLSS 3 16GB GDDR6X 256-bit 21 Gbps PCIE 4.0 Gaming Graphics Card, IceStorm 2.0 Advanced Cooling, ZT-D40730RC-10P",949,https://www.newegg.com/zotac-solid-zt-d40730rc-10p-nvidia-geforce-rtx-4070-ti-super-16gb-gddr6x/p/N82E16814500588R,ZOTAC
716521-001 717219-001 AMD ATI Radeon HD8490 1GB DDR3 DVI Displayport Video Card PCI-EXPRESS Video Cards - OEM,29,https://www.newegg.com/p/27N-0018-000H3,AMD
MSI EXPERT GeForce RTX 4080 SUPER 16GB GDDR6X PCI Express 4.0 Video Card RTX 4080 SUPER 16G EXPERT,"1,979",https://www.newegg.com/msi-rtx-4080-super-16g-expert-nvidia-geforce-rtx-4080-super-16gb-gddr6x/p/N82E16814137871,MSI
MSI GeForce GTX 1050 Ti 4GB GDDR5 PCI Express 3.0 x16 ATX Video Card GTX 1050 Ti 4GT OC,239,https://www.newegg.com/msi-geforce-gtx-1050-ti-gtx-1050-ti-4gt-oc/p/N82E16814137055,MSI
"GIGABYTE GeForce RTX 4070 SUPER EAGLE OC 12G Graphics Card, 3x WINDFORCE Fans, 12GB 192-bit GDDR6X, GV-N407SEAGLE OC-12GD? Video Card",902,https://www.newegg.com/gigabyte-gv-n407seagle-oc-12gd-nvidia-geforce-rtx-4070-super-12gb-gddr6x/p/N82E16814932682,GIGABYTE
SRhonyra Geforce GTX 1060 6GB Low Profile Graphics Card GDDR5 PCIe 3.0 X16 160 Bits SFF GPU HDMI +DP Port,229,https://www.newegg.com/p/1FT-00J9-00012,N/A
Refurbished 51RISC GeForce RTX 2060 6GB GDDR6 PCIE16 Graphics Cards RTX2060 6G for Computer office Components video Cards gaming,249,https://www.newegg.com/51risc-rtx20-series-rtx2060-6g-nvidia-geforce-rtx-2060-8gb-gddr6/p/1FT-00H9-00051,N/A
NVIDIA RTX 4500 Ada graphics card 24GB GDDR6 PCIe 4.0 x16 - 4 x DisplayPort - Bulk - US Version,"2,397",https://www.newegg.com/p/1FT-0004-008T9,NVIDIA
ASUS TUF Gaming GeForce RTX 5060 8GB GDDR7 PCI Express 5.0 x8 ATX Graphics Card TUF-RTX5060-O8G-GAMING,409,https://www.newegg.com/asus-tuf-gaming-tuf-rtx5060-o8g-gaming-nvidia-geforce-rtx-5060-8gb-gddr7/p/N82E16814126800,ASUS
MSI Ventus GeForce RTX 4070 12GB GDDR6 PCI Express 4.0 ATX Video Card RTX 4070 VENTUS 3X E1 12G OC,849,https://www.newegg.com/msi-rtx-4070-ventus-3x-e1-12g-oc-nvidia-geforce-rtx-4070-12gb-gddr6/p/N82E16814137896,MSI
Refurbished PNY XLR8 GeForce RTX 3050 8GB GDDR6 PCI Express 4.0 x16 ATX Graphics Card RTX 3050 8GB XLR8 Dual Fan Edition,199,https://www.newegg.com/pny-rtx-3050-8gb-xlr8-dual-fan-edition-nvidia-geforce-rtx-3050-gddr6/p/N82E16814133957,N/A
"GIGABYTE GeForce RTX 4070 Ti SUPER EAGLE OC ICE 16G Graphics Card, 3x WINDFORCE Fans, 16GB 256-bit GDDR6X, GV-N407TSEAGLE OC ICE-16GD Video Card","1,599",https://www.newegg.com/gigabyte-geforce-rtx-4070-ti-super-gv-n407tseagleoc-ice-16gd/p/N82E16814932692,GIGABYTE
Open Box PowerColor RED DEVIL Radeon RX 9070 XT 16GB 256-Bit GDDR6 PCI Express 5.0 Graphics Card RX9070XT 16G-E/OC,899,https://www.newegg.com/powercolor-red-devil-rx9070xt-16g-e-oc-amd-radeon-rx-9070-xt-16gb-gddr6/p/N82E16814131869R,PowerColor
Gigabyte RX 7900 XT GV-R79XTGAMING OC-20GD 20 Gbps GDDR6 320 bit 7680x4320 HDMI,"1,999",https://www.newegg.com/p/27N-0022-000U4,GIGABYTE
Open Box MSI Gaming GeForce RTX 5090 32GB GDDR7 PCI Express 5.0 Graphics Card RTX 5090 32G GAMING TRIO OC,"3,069",https://www.newegg.com/msi-rtx-5090-32g-gaming-trio-oc-nvidia-geforce-rtx-5090-32gb-gddr7/p/N82E16814137919R,MSI
GIGABYTE GeForce GTX 1650 4GB GDDR6 PCI Express 3.0 x16 Video Card GV-N1656OC-4GD rev. 2.0,247,https://www.newegg.com/gigabyte-geforce-gtx-1650-gv-n1656oc-4gd-rev-2-0/p/N82E16814932309,GIGABYTE
ZOTAC GeForce GT 1030 2GB GDDR5 64-bit PCIe 3.0 DirectX 12 HDCP Ready Low Profile Video Card ZT-P10300A-10L,115,https://www.newegg.com/zotac-zt-p10300a-10l-nvidia-geforce-gt-1030-2gb-gddr5/p/N82E16814500424,ZOTAC
Refurbished XFX Speedster QICK 210 Radeon RX 6500 XT 4GB GDDR6 PCI Express 4.0 Video Card RX-65XT4DBDQ,139,https://www.newegg.com/xfx-radeon-rx-6500-xt-rx-65xt4dbdq/p/N82E16814150866T,XFX
EVGA GeForce GTX 1080 Ti FE 11GB GDDR5X PCI Express 3.0 SLI Support FOUNDERS EDITION Video Card 11G-P4-6390-KR,698,https://www.newegg.com/evga-geforce-gtx-1080-ti-fe-11g-p4-6390-kr/p/N82E16814487335,N/A
PowerColor Hellhound Radeon RX 7800 XT 16GB GDDR6 PCI Express 4.0 x16 ATX Video Card RX7800XT 16G-L/OC,799,https://www.newegg.com/powercolor-hellhound-rx7800xt-16g-l-oc-amd-radeon-rx-7800-xt-16gb-gddr6/p/N82E16814131821,PowerColor
"Open Box ZOTAC GAMING GeForce RTX 4070 SUPER Twin Edge DLSS 3 12GB GDDR6X 192-bit 21 Gbps PCIE 4.0 Compact Gaming Graphics Card, IceStorm 2.0 Advanced Cooling, SPECTRA RGB Lighting, ZT-D40720E-10M",699,https://www.newegg.com/zotac-twin-edge-zt-d40720e-10m-nvidia-geforce-rtx-4070-super-12gb-gddr6x/p/N82E16814500572R,ZOTAC
"GIGABYTE GeForce GTX 1660 Ti OC 6G Graphics Card, 2 x WINDFORCE Fans, 6GB 192-Bit GDDR6, GV-N166TOC-6GD Video Card",425,https://www.newegg.com/gigabyte-geforce-gtx-1660-ti-gv-n166toc-6gd/p/N82E16814932131,GIGABYTE
Open Box MSI Ventus GeForce RTX 5060 Ti 16GB GDDR7 PCI Express 5.0 x 16 (use x8) Graphics Card RTX 5060 Ti 16G VENTUS 2X OC PLUS,489,https://www.newegg.com/msi-rtx-5060-ti-16g-ventus-2x-oc-plus-nvidia-geforce-rtx-5060-ti-16gb-gddr7/p/N82E16814137958R,MSI
Refurbished Nvidia Tesla K80 24GB GDDR5 Server Graphics Card HP J0G95A  699-22080-0200-531 in BLACK-BRACKT,79,https://www.newegg.com/p/1FT-0004-008V2,NVIDIA
ASUS TUF Gaming GeForce RTX 5090 32GB GDDR7 OC Edition TUF-RTX5090-O32G-GAMING PCI-Express 5.0 DLSS 4.0 Graphics Card,"4,599",https://www.newegg.com/asus-tuf-gaming-tuf-rtx5090-o32g-gaming-nvidia-geforce-rtx-5090-32gb-gddr7/p/1FT-000Y-00BS5,ASUS
SRhonyra Radeon R7 350 HD7750 4GB  GDDR5 6HDMI  Video Card 6 Monitors  Graphics Card GPU PCI-Express 3.0 16X 128-Bit,168,https://www.newegg.com/srhonyra-radeon-r7-350-sr356h42/p/1DW-00KJ-00013,N/A
Refurbished PNY VERTO EIPC-X RGB GeForce RTX 4080 SUPER 16GB GDDR6X PCI Express 4.0 x16 ATX Video Card VCG4080S16TFXXPB1-O,"1,299",https://www.newegg.com/pny-verto-eipc-x-rgb-vcg4080s16tfxxpb1-o-nvidia-geforce-rtx-4080-super-16gb-gddr6x/p/N82E16814133942,N/A
Refurbished PNY VERTO GeForce RTX 4070 SUPER 12GB GDDR6X PCI Express 4.0 x16 ATX Video Card VCG4070S12TFXXPB1-O,699,https://www.newegg.com/pny-verto-vcg4070s12tfxxpb1-o-nvidia-geforce-rtx-4070-super-12gb-gddr6x/p/N82E16814133932,N/A
Open Box MSI SHADOW GeForce RTX 5070 12GB GDDR7 PCI Express 5.0 Graphics Card RTX 5070 12G SHADOW 3X OC,629,https://www.newegg.com/msi-rtx-5070-12g-shadow-3x-oc-nvidia-geforce-rtx-5070-12gb-gddr7/p/N82E16814137941R,MSI
"ASUS TUF Gaming NVIDIA GeForce RTX 4070 Ti OC Edition Gaming Graphics Card (PCIe 4.0, 12GB GDDR6X, HDMI 2.1a, DisplayPort 1.4a) TUF-RTX4070TI-O12G-GAMING","1,295",https://www.newegg.com/asus-tuf-gaming-tuf-rtx4070ti-o12g-gaming-nvidia-geforce-rtx-4070-ti-12gb-gddr6x/p/1FT-000Y-00BT8,ASUS
Intel Arc A750 Limited Edition 8GB PCI Express 4.0 Graphics Card 21P02J00BA,450,https://www.newegg.com/intel-21p02j00ba-intel-arc-a750-8gb-gddr6/p/N82E16814883002,Intel
SAPPHIRE Tech PULSE Radeon RX 7800 XT 16GB GDDR6 PCI Express 4.0 x16 ATX Graphics Card 11330-02-20G,725,https://www.newegg.com/sapphire-pulse-11330-02-20g-amd-radeon-rx-7800-xt-16gb-gddr6/p/27N-0005-00244,Sapphire Tech
Refurbished ASUS GeForce RTX 4060 Ti 8GB Dual White OC GDDR6 Video Graphics Card GPU,549,https://www.newegg.com/p/1FT-000Y-00B47,ASUS
MSI Mech Radeon RX 6700 XT 12GB GDDR6 PCI Express 4.0 Video Card RX 6700 XT MECH 2X 12G,789,https://www.newegg.com/msi-radeon-rx-6700-xt-rx-6700-xt-mech-2x-12g/p/N82E16814137641,MSI
Refurbished ASUS GeForce RTX 4070 Ti Super 16GB OC GDDR6X Video Graphics Card GPU,"1,399",https://www.newegg.com/p/1FT-000Y-00B45,ASUS
PowerColor RED DEVIL Radeon RX 7800 XT 16GB GDDR6 PCI Express 4.0 x16 ATX Video Card RX7800XT 16G-E/OC,799,https://www.newegg.com/powercolor-radeon-rx-7800-xt-rx7800xt-16g-e-oc/p/N82E16814131820,PowerColor
MSI GeForce GT 730 2GB DDR3 PCI Express 2.0 x16 ATX Video Card N730-2GD3V3,60,https://www.newegg.com/msi-geforce-gt-730-n730-2gd3v3/p/N82E16814127906,MSI
MSI Gaming GeForce RTX 4070 Ti SUPER 16GB GDDR6X PCI Express 4.0 x16 ATX Video Card RTX 4070 Ti SUPER 16G GAMING X SLIM WHITE,"1,649",https://www.newegg.com/msi-rtx-4070-ti-super-16g-gaming-x-slim-white-nvidia-geforce-rtx-4070-ti-super-16gb-gddr6x/p/N82E16814137885,MSI
"GIGABYTE GeForce RTX 3050 GAMING OC 8G Graphics Card, 3x WINDFORCE Fans, 8GB GDDR6 128-bit GDDR6, GV-N3050GAMING OC-8GD Video Card",399,https://www.newegg.com/gigabyte-geforce-rtx-3050-gv-n3050gaming-oc-8gd/p/N82E16814932496,GIGABYTE
"AMD RADEON RX 6800 XT Gaming Graphics Card, 7nm AMD RDNA2 16GB GDDR6 256-bit AMD Reference Card, PCIE 4.0 HDMI*1 DP 1.4a*2 Type-C*1 Video Card, Reference Edition Gaming Graphics Card",995,https://www.newegg.com/p/27N-0018-00110,AMD
"ASUS Dual GeForce RTX 4070 SUPER OC Edition graphics card (PCIe 4.0, 12GB GDDR6X, DLSS 3, HDMI 2.1, DisplayPort 1.4a, 2.56-slot design, Axial-tech fan design, Auto-Extreme Tech) DUAL-RTX4070S-O12G",833,https://www.newegg.com/asus-geforce-rtx-4070-dual-rtx4070s-o12g/p/N82E16814126687,ASUS
"ASUS ROG Strix GeForce RTX 4070 Ti SUPER Gaming Graphics Card (PCIe 4.0, 16GB GDDR6X, DLSS 3, HDMI 2.1a, DisplayPort 1.4a, Massive vented backplate, Aura Sync) ROG-STRIX-RTX4070TIS-16G-GAMING","1,500",https://www.newegg.com/asus-video-card-rog-strix-rtx4070tis-16g-gaming-nvidia-geforce-rtx-4070-ti-super-16gb-gddr6x/p/N82E16814126716,ASUS
"ASUS Dual GeForce RTX 4070 Ti SUPER OC Edition (PCIe 4.0, 16GB GDDR6X, DLSS 3, HDMI 2.1a, DisplayPort 1.4a, 2.56-slot design, Axial-tech fan design, 0dB technology) DUAL-RTX4070TIS-O16G","1,289",https://www.newegg.com/asus-video-card-dual-rtx4070tis-o16g-nvidia-geforce-rtx-4070-ti-super-16gb-gddr6x/p/N82E16814126728,ASUS
"Refurbished GIGABYTE Radeon RX 6800 XT GAMING OC 16G Graphics Card, WINDFORCE 3X Cooling System, 16GB 256-bit GDDR6, GV-R68XTGAMING OC-16GD Video Card, Powered by AMD RDNA 2, HDMI 2.1",534,https://www.newegg.com/gigabyte-radeon-rx-6800-xt-gv-r68xtgaming-oc-16gd/p/27N-0022-000K5,GIGABYTE
"ASUS ROG Strix GeForce RTX 4070 SUPER Gaming Graphics Card (PCIe 4.0, 12GB GDDR6X, DLSS 3, HDMI 2.1a, DisplayPort 1.4a, Aura Sync) ROG-STRIX-RTX4070S-12G-GAMING","1,009",https://www.newegg.com/asus-rog-strix-rtx4070s-12g-gaming-nvidia-geforce-rtx-4070-super-12gb-gddr6x/p/1FT-000Y-00BK2,ASUS
"ASUS Dual GeForce RTX 4060 Ti V2 OC Edition  (PCIe 4.0, 8GB GDDR6, DLSS 3, HDMI 2.1a, DisplayPort 1.4a, 2-slot design, Axial-tech fan design, 0dB technology) DUAL-RTX4060TI-O8G-V2",591,https://www.newegg.com/asus-geforce-rtx-4060-ti-dual-rtx4060ti-o8g-v2/p/N82E16814126706,ASUS
Refurbished PowerColor Hellhound Radeon RX 7900 XTX 24GB GDDR6 PCI Express 4.0 ATX Graphics Card RX7900XTX 24G-L/OC,999,https://www.newegg.com/powercolor-hellhound-video-card-rx7900xtx-24g-l-oc-amd-radeon-rx-7900-xtx-24gb-gddr6/p/N82E16814131808T,PowerColor
GIGABYTE GAMING GeForce RTX 4090 24GB GDDR6X PCI Express 4.0 ATX Video Card   GeForce RTX 4090 GAMING OC 24G (rev. 1.0/1.1),"3,399",https://www.newegg.com/p/1FT-000A-00694,GIGABYTE
GIGABYTE Radeon RX 5700 XT 8GB GDDR6 PCI Express 4.0 x16 ATX Video Card GV-R57XTGAMING-8GD,695,https://www.newegg.com/gigabyte-radeon-rx-5700-xt-gv-r57xtgaming-8gd/p/N82E16814932299,GIGABYTE
SRhonyra GeForce GTX 1050 4GB Graphics Card GDDR5 128 Bit PCIe 3.0 x16 Bus Powered DP+HDMI+DVI Ports Gaming GPU,99,https://www.newegg.com/p/1FT-00J9-00018,N/A
Refurbished NVidia GeForce RTX 3090 Founders Edition 24GB GDDR6 Geforce RTX 3090 FE Video Graphic Card,"1,599",https://www.newegg.com/nvidia-geforce-rtx-3090-rtx-3090-founders-edition-24gb/p/1FT-0004-008N4,NVIDIA
Refurbished GIGABYTE GeForce GT 1030 2GB GDDR5 ATX Video Cards GV-N1030OC-2GI,69,https://www.newegg.com/gigabyte-geforce-gt-1030-gv-n1030oc-2gi/p/1FT-000A-000G5,GIGABYTE
"ZOTAC GAMING GeForce RTX 4070 Ti SUPER Trinity OC White Edition DLSS 3 16GB GDDR6X 256-bit 21 Gbps PCIE 4.0 Gaming Graphics Card, IceStorm 2.0 Advanced Cooling, SPECTRA RGB Lighting, ZT-D40730Q-10P","1,608",https://www.newegg.com/zotac-trinity-zt-d40730q-10p-nvidia-geforce-rtx-4070-ti-super-16gb-gddr6x/p/N82E16814500577,ZOTAC
"GIGABYTE Radeon RX 6600 EAGLE 8G Graphics Card, WINDFORCE 3X Cooling System, 8GB 128-bit GDDR6, GV-R66EAGLE-8GD Video Card",588,https://www.newegg.com/gigabyte-gv-r66eagle-8gd-amd-radeon-rx-6600-8gb-gddr6/p/N82E16814932481,GIGABYTE
MSI Ventus GeForce RTX 3060 12GB GDDR6 PCI Express 4.0 Video Card RTX 3060 Ventus 3X 12G OC,699,https://www.newegg.com/msi-rtx-3060-ventus-3x-12g-oc-nvidia-geforce-rtx-3060-12gb-gddr6/p/N82E16814137631,MSI
Open Box MSI Ventus GeForce RTX 4070 Ti 12GB GDDR6X PCI Express 4.0 Video Card RTX 4070 Ti VENTUS 3X 12G OC,899,https://www.newegg.com/msi-geforce-rtx-4070-ti-rtx-4070-ti-ventus-3x-12g-oc/p/N82E16814137772R,MSI
EVGA 02G-P4-2761-KR G-SYNC Support GeForce GTX 760 2GB 256-Bit GDDR5 PCI Express 3.0 SLI Support Video Card,99,https://www.newegg.com/evga-geforce-gtx-760-02g-p4-2761-kr/p/N82E16814130935,N/A
Refurbished NVIDIA Quadro NVS 310 2560x1600 512 MB DDR3 SDRAM PCI Express 2.0 x16 Video Graphic Card 678929-002 707252-001 QUADRONVS310,24,https://www.newegg.com/p/1FT-0004-002P5,NVIDIA
"Refurbished ASUS Dual GeForce RTX 4070 12GB GDDR6X, IP5X, Auto-Extreme Technology, 144-Hour Validation Program, HDMI 2.1a, DP 1.4a, DUAL-RTX4070-12G",599,https://www.newegg.com/asus-video-card-dual-rtx4070-12g-nvidia-geforce-rtx-4070-12gb-gddr6x/p/N82E16814126639T,ASUS
"ASUS ROG Strix GeForce RTX 4080 SUPER White Edition Gaming Graphics Card (PCIe 4.0, 16GB GDDR6X, DLSS 3, HDMI 2.1a, DisplayPort 1.4a, Vapor Chamber, Aura Sync) ROG-STRIX-RTX4080S-16G-WHITE","2,269",https://www.newegg.com/asus-rog-strix-rtx4080s-16g-white-nvidia-geforce-rtx-4080-super-16gb-gddr6x/p/1FT-000Y-00BH7,ASUS
MSI Ventus GeForce RTX 3080 10GB GDDR6X PCI Express 4.0 Video Card RTX 3080 VENTUS 3X 10G OC,"1,145",https://www.newegg.com/msi-geforce-rtx-3080-rtx-3080-ventus-3x-10g-oc/p/N82E16814137598,MSI
Refurbished SAPPHIRE PULSE Radeon RX 7900 XTX 24GB GDDR6 PCI Express 4.0 x16 ATX Graphics Card 11322-02-20G,999,https://www.newegg.com/sapphire-radeon-rx-7900-xtx-11322-02-20g/p/N82E16814202429T,Sapphire Tech
SRhonyra GeForce GTX 1650 2 HDMI Dual-Monitors graphics Card 4GB GDDR5 128Bit  Low Profile Graphics Card SFF GPU PCI Express 3.0 16X,279,https://www.newegg.com/srhonyra-geforce-gtx-1650-sr16552h41/p/1DW-00KJ-00007,N/A
GIGABYTE Gaming OC GeForce RTX 3060 12GB GDDR6 PCI Express 4.0 ATX Video Card GV-N3060GAMING OC-12GD (rev. 2.0) (LHR),463,https://www.newegg.com/gigabyte-gv-n3060gaming-oc-12gd-nvidia-geforce-rtx-3060-12gb-gddr6/p/N82E16814932433,GIGABYTE
GIGABYTE Gaming Radeon RX 9070 16GB GDDR6 PCI Express 5.0 x16 Graphics Card GV-R9070GAMING OC-16GD,829,https://www.newegg.com/gigabyte-gv-r9070gaming-oc-16gd-amd-radeon-rx-9070-16gb-gddr6/p/N82E16814932752,GIGABYTE
Refurbished Intel Arc A750 Limited Edition 8GB GDDR6 PCIe 4.0 Graphics Card 21P02J00BA,179,https://www.newegg.com/p/27N-002N-00007,Intel
Open Box ZOTAC AMP Extreme INFINITY GeForce RTX 5090 32GB GDDR7 PCI Express 5.0 x16 ATX Graphics Card ZT-B50900B-10P,"3,179",https://www.newegg.com/zotac-amp-extreme-infinity-zt-b50900b-10p-nvidia-geforce-rtx-5090-32gb-gddr7/p/N82E16814500593R,ZOTAC
Refurbished Intel Arc A770 Limited Edition 16GB GDDR6 PCIe 4.0 RGB Graphics Card 21P01J00BA,289,https://www.newegg.com/p/27N-002N-00006,Intel
"GUNNIR Intel Arc B570 Photon 10G OC W Gaming Graphics Card (PCIe 4.0, 10GB GDDR6, HDMI 2.1, DisplayPort 2.1) White",369,https://www.newegg.com/p/3GM-0001-00023,N/A
ZOTAC SOLID CORE OC GeForce RTX 5070 Ti 16GB GDDR7 PCI Express 5.0 x16 ATX Graphics Card ZT-B50710J2-10P,979,https://www.newegg.com/zotac-rtx-5070-ti-solid-core-oc-nvidia-geforce-rtx-5070-ti-16gb-gddr7/p/N82E16814500605,ZOTAC
Open Box SAPPHIRE PULSE Radeon RX 7800 XT 16GB GDDR6 PCI Express 4.0 x16 ATX Video Card 11330-02-20G,559,https://www.newegg.com/sapphire-pulse-video-card-11330-02-20g-amd-radeon-rx-7800-xt-16gb-gddr6/p/N82E16814202434R,Sapphire Tech
"Refurbished ASUS TUF Gaming NVIDIA GeForce RTX 4070 Ti SUPER White OC Edition Gaming Graphics Card (PCIe 4.0, 16GB GDDR6X) TUF-RTX4070TIS-O16G-WHITE-GAMING,Refurbish card","1,299",https://www.newegg.com/asus-tuf-gaming-tuf-rtx4070tis-o16g-white-gaming-nvidia-geforce-rtx-4070-ti-super-16gb-gddr6x/p/1FT-000Y-00BB6,ASUS
Refurbished MSI Mech Radeon RX 6600 XT 8GB GDDR6 PCI Express 4.0 ATX Video Card RX 6600 XT MECH 2X 8G OC,263,https://www.newegg.com/msi-radeon-rx-6600-xt-rx-6600-xt-mech-2x-8g-oc/p/N82E16814137825,MSI
Open Box GIGABYTE Eagle GeForce RTX 5070 12GB GDDR7 PCI Express 5.0 ATX Graphics Card GV-N5070EAGLE OC-12GD,629,https://www.newegg.com/gigabyte-gv-n5070eagle-oc-12gd-nvidia-geforce-rtx-5070-12gb-gddr7/p/N82E16814932776R,GIGABYTE
Refurbished EVGA GeForce 8400 GS 1GB DDR3 PCI Express 2.0 x16 SLI Support Video Card 01G-P3-1302-RX,39,https://www.newegg.com/evga-geforce-8400-gs-01g-p3-1302-rx/p/N82E16814130734,N/A
Used - Good XFX Radeon RX 470 8GB GDDR5 RX-470P85 Video Graphics Card GPU Grade C - OEM,59,https://www.newegg.com/p/27N-0002-001H1,XFX
"GPVHOSO GTX 750Ti Graphics Card, 2GB GDDR5 128bit Direct X12 640SP Gaming Video Card, PCI Express 3.0x16 Interface, HDMI, DVI-D, VGA, Single Fan, Low Power GPU for Working Gaming",79,https://www.newegg.com/p/1FT-00DJ-00006,N/A
Open Box XFX SPEEDSTER MERC310 Radeon RX 7900 XT 20GB GDDR6 PCI Express 4.0 x16 Video Card RX-79TMERCB9,799,https://www.newegg.com/xfx-speedster-merc310-rx-79tmercb9-amd-radeon-rx-7900-xt-20gb-gddr6/p/N82E16814150877R,XFX
"Open Box ZOTAC GAMING GeForce RTX 4080 SUPER Trinity Black Edition DLSS 3 16GB GDDR6X 256-bit 23 Gbps PCIE 4.0 Gaming Graphics Card, IceStorm 2.0 Advanced Cooling, SPECTRA RGB Lighting, ZT-D40820D-10P","1,299",https://www.newegg.com/zotac-trinity-zt-d40820d-10p-nvidia-geforce-rtx-4080-super-16gb-gddr6x/p/N82E16814500580R,ZOTAC
Used - Like New XFX Radeon RX 570 8GB DDR5 PCI Express 3.0 CrossFireX Support Video Card RX-570P8DFD6,99,https://www.newegg.com/xfx-radeon-rx-570-rx-570p8dfd6/p/N82E16814150815,XFX
Open Box MSI Gaming GeForce RTX 5070 Ti 16GB GDDR7 PCI Express 5.0 Graphics Card RTX 5070 Ti 16G GAMING TRIO OC PLUS,959,https://www.newegg.com/msi-rtx-5070-ti-16g-gaming-trio-oc-plus-nvidia-geforce-rtx-5070-ti-16gb-gddr7/p/N82E16814137924R,MSI
"ASUS TUF Gaming GeForce RTX 4070 SUPER OC Edition Gaming Graphics Card (PCIe 4.0, 12GB GDDR6X, DLSS 3, HDMI 2.1a, DisplayPort 1.4a) TUF-RTX4070S-O12G-GAMING",898,https://www.newegg.com/asus-geforce-rtx-4070-tuf-rtx4070s-o12g-gaming/p/N82E16814126697,ASUS
ASUS ROG Strix GeForce RTX 3090 24GB GDDR6X PCI Express 4.0 SLI Support Video Card ROG-STRIX-RTX3090-O24G-GAMING,"2,467",https://www.newegg.com/asus-geforce-rtx-3090-rog-strix-rtx3090-o24g-gaming/p/N82E16814126456,ASUS
"ASUS Dual NVIDIA GeForce RTX 3050 6GB Gaming Graphics Card - PCIe 4.0, 6GB GDDR6 Memory, HDMI 2.1, DisplayPort 1.4a, 2-slot Design, Axial-tech Fan Design, 0dB Technology, DUAL-RTX3050-6G",247,https://www.newegg.com/asus-geforce-rtx-3050-dual-rtx3050-6g/p/N82E16814126709,ASUS
ASUS TUF RTX 4080 Super OC 16GB GDDR6X TUF-RTX4080S-O16G-GAMING Video Graphics Card,"2,188",https://www.newegg.com/p/1FT-000Y-00BJ1,ASUS
"WEELIAO GUNNIR Intel Arc B580 12GB Photon OC White GDDR6 2850MHz Triple Fan Graphics Card (192-bit, PCI-Express 4.0 x8, HDMI/DisplayPort, Supports 4k)",429,https://www.newegg.com/p/3GM-0001-00011,N/A
SAPPHIRE NITRO+ Radeon RX 9070 XT 16GB GDDR6 PCI Express 5.0 x16 ATX Graphics Card 11348-01-20G,"1,259",https://www.newegg.com/sapphire-nitro-radeon-rx-9070-xt-16gb-gddr6-amd/p/27N-0005-00271,Sapphire Tech
"ASUS TUF Gaming Radeon RX 7600 XT OC Edition 16GB GDDR6 Graphics Card (AMD RDNA 3, PCIe 4.0, HDMI 2.1, DisplayPort 2.1, Axial-tech Fan Design, Auto-extreme Technology) TUF-RX7600XT-O16G-GAMING",675,https://www.newegg.com/asus-radeon-rx-7600-xt-tuf-rx7600xt-o16g-gaming/p/N82E16814126699,ASUS
"Refurbished GIGABYTE GeForce RTX 4070 Ti SUPER EAGLE OC 16G Graphics Card, 3x WINDFORCE Fans, 16GB 256-bit GDDR6X, GV-N407TSEAGLE OC-16GD Video Card",899,https://www.newegg.com/gigabyte-gv-n407tseagle-oc-16gd-nvidia-geforce-rtx-4070-ti-super-16gb-gddr6x/p/1FT-000A-007W3,GIGABYTE
Refurbished EVGA GeForce RTX 3070 XC3 Ultra Gaming 8GB GDDR6 08G-P5-3755-KR - Black,449,https://www.newegg.com/evga-08g-p5-3755-kr/p/13B-03RH-00016,N/A
"GIGABYTE GeForce RTX 3070 GAMING OC 8GB Video Card, GV-N3070GAMING OC-8GD","1,034",https://www.newegg.com/gigabyte-geforce-rtx-3070-gv-n3070gaming-oc-8gd/p/N82E16814932342,GIGABYTE
"Refurbished GIGABYTE GeForce RTX 4070 Ti WINDFORCE OC 12G Graphics Card, 3x WINDFORCE Fans, 12GB 192-bit GDDR6X, GV-N407TWF3OC-12GD Video Card",799,https://www.newegg.com/gigabyte-windforce-gv-n407twf3oc-12gd-nvidia-geforce-rtx-4070-ti-12gb-gddr6x/p/N82E16814932623T,GIGABYTE
"MAXSUN NVIDIA GEFORCE GT 1030 4GB ITX Graphics Card GPU GDDR4 Mini ITX Design, HDMI, DVI-D, Single Fan Cooling System",99,https://www.newegg.com/maxsun-ms-gt1030transformer4gd4/p/1FT-009J-00064,N/A
"ASUS GeForce GTX 1070 Founders Edition, GTX1070-8G",475,https://www.newegg.com/asus-geforce-gtx-1070-fe-gtx1070-8g/p/N82E16814126104,ASUS
Open Box SAPPHIRE PULSE Radeon RX 9070 16GB GDDR6 PCI Express 5.0 x16 ATX Graphics Card 11349-03-20G,699,https://www.newegg.com/sapphire-pulse-11349-03-20g-amd-radeon-rx-9070-16gb-gddr6/p/N82E16814202453R,Sapphire Tech
"XFX RX-77TSWFTFA Speedster SWFT210 Radeon RX 7700XT Gaming Graphics Card with 12GB GDDR6 HDMI 3xDP, AMD RDNA 3",509,https://www.newegg.com/p/27N-0002-001G6,XFX
"ASUS TUF Gaming NVIDIA GeForce RTX 4070 Ti OC White Edition Gaming Graphics Card (PCIe 4.0, 12GB GDDR6X, HDMI 2.1a, DisplayPort 1.4a) TUF-RTX4070TI-O12G-WHITE-GAMING","1,299",https://www.newegg.com/asus-tuf-gaming-tuf-rtx4070ti-o12g-white-gaming-nvidia-geforce-rtx-4070-ti-12gb-gddr6x/p/1FT-000Y-00BT9,ASUS
Refurbished PNY VERTO GeForce RTX 4070 SUPER 12GB GDDR6X PCI Express 4.0 x16 ATX Video Card VCG4070S12TFXXPB1-O,699,https://www.newegg.com/pny-verto-vcg4070s12tfxxpb1-o-nvidia-geforce-rtx-4070-super-12gb-gddr6x/p/N82E16814133931,N/A
PNY VCG508016TFXPB1 NVIDIA GeForce RTX 5080 16GB 256-Bit GDDR7 DLSS 4.0 PCI Express 5.0 x16 Video Card,"1,405",https://www.newegg.com/p/1FT-000P-00655,N/A
MSI Ventus GeForce RTX 3050 8GB GDDR6 PCI Express 4.0 Video Card RTX 3050 Ventus 2X 8G OC,358,https://www.newegg.com/msi-geforce-rtx-3050-rtx-3050-ventus-2x-8g-oc/p/N82E16814137708,MSI
GIGABYTE AORUS GeForce RTX 3090 Ti XTREME WATERFORCE 24GB GDDR6X PCI Express 4.0 ATX Video Card GV-N309TAORUSX W-24GD,"2,499",https://www.newegg.com/gigabyte-geforce-rtx-3090-ti-gv-n309taorusx-w-24gd/p/N82E16814932510,GIGABYTE
ASUS PRIME Radeon RX 9070 XT 16GB 256-Bit GDDR6 PCI Express 5.0 RDNA 4 Graphics Card PRIME-RX9070XT-O16G,"1,191",https://www.newegg.com/asus-prime-rx9070xt-o16g-amd-radeon-rx-9070-xt-16gb-gddr6/p/27N-000M-00258,ASUS
"Sapphire PULSE Radeon RX 580 8GB GDDR5 PCI-E Dual HDMI / DVI-D / Dual DP OC w/ Backplate (UEFI), 100411P8GOCL",479,https://www.newegg.com/sapphire-radeon-rx-580-100411p8gocl/p/N82E16814202278,Sapphire Tech
MSI Ventus GeForce RTX 2060 6GB GDDR6 PCI Express 3.0 x16 ATX Video Card RTX 2060 VENTUS GP OC,369,https://www.newegg.com/msi-geforce-rtx-2060-rtx-2060-ventus-gp-oc/p/N82E16814137695,MSI
MSI Ventus GeForce GTX 1650 4GB GDDR6 PCI Express 3.0 x16 ATX Video Card GTX 1650 D6 Ventus XS OCV3,289,https://www.newegg.com/msi-gtx-1650-d6-ventus-xs-ocv3-nvidia-geforce-gtx-1650-4gb-gddr6/p/N82E16814137845,MSI
ASUS PRIME Radeon RX 9070 XT 16GB 256-Bit GDDR6 RNDA 4 FSR 4 PCI Express 5.0 Graphics Card PRIME-RX9070XT-16G,"1,199",https://www.newegg.com/asus-prime-rx9070xt-16g-amd-radeon-rx-9070-xt-16gb-gddr6/p/N82E16814126787,ASUS
Used - Very Good AMD Radeon Instinct MI60 32GB HBM2 Graphics Accelerator Mining Card 80MH @ 160W,499,https://www.newegg.com/p/27N-0018-000Z0,AMD
"ASUS Dual GeForce RTX 4060 Ti White OC Edition 8GB GDDR6 (PCIe 4.0, 8GB GDDR6, DLSS 3, HDMI 2.1, DisplayPort 1.4a, Axial-tech fan design, 0dB technology) DUAL-RTX4060TI-O8G-WHITE",699,https://www.newegg.com/asus-dual-rtx4060ti-o8g-white-nvidia-geforce-rtx-4060-ti-8gb-gddr6/p/N82E16814126649,ASUS
ASUS TUF Gaming OC Edition GeForce RTX 3050 Video Card TUF-RTX3050-O8G-GAMING,377,https://www.newegg.com/asus-tuf-gaming-oc-edition-tuf-rtx3050-o8g-gaming-nvidia-geforce-rtx-3050-8gb-gddr6/p/1FT-000Y-00BG8,ASUS
NVIDIA GeForce RTX 3080 Ti Founders Edition 12GB GDDR6X,"1,399",https://www.newegg.com/nvidia-900-1g133-2518-000/p/1FT-0004-006T6,NVIDIA
"Sapphire Tech Starry Sky AMD Radeon RX 6750 GRE Gaming Graphics Card, 2495 MHz, 10GB, 160 bit, GDDR6, 16 Gbps, RDNA 2, HDMI: 7680×4320; DisplayPort1.video card",499,https://www.newegg.com/sapphire-tech-star-6750-gre-amd-radeon-rx-6750-10gb-gddr6/p/27N-0005-00238,Sapphire Tech
PNY Quadro NVS 510 Graphic Card - 2 GB DDR3 SDRAM - Low-profile - Single Slot Sp,119,https://www.newegg.com/p/1FT-005V-00003,N/A
"ASUS Dual GeForce RTX 4070 White OC Edition 12GB GDDR6X (PCIe 4.0, 12GB GDDR6X, DLSS 3, HDMI 2.1, DisplayPort 1.4a, 2.56-slot design, Axial-tech fan design) DUAL-RTX4070-O12G-WHITE",899,https://www.newegg.com/asus-dual-rtx4070-o12g-white-nvidia-geforce-rtx-4070-12gb-gddr6x/p/1FT-000Y-00BM0,ASUS
SRhonyra GeForce GTX 1050Ti 4GB Graphics Card GDDR5 128 Bit PCIe 3.0 x16 Bus Powered DP+HDMI+DVI Ports Gaming GPU,125,https://www.newegg.com/p/1FT-00J9-00017,N/A
MSI GeForce RTX 2070 8GB GDDR6 PCI Express 3.0 x16 Video Card RTX 2070 Ventus 8G,775,https://www.newegg.com/msi-geforce-rtx-2070-rtx-2070-ventus-8g/p/N82E16814137376,MSI
"ASUS Dual GeForce RTX 4070 12GB GDDR6X, IP5X, Auto-Extreme Technology, 144-Hour Validation Program, HDMI 2.1a, DP 1.4a, DUAL-RTX4070-12G",859,https://www.newegg.com/asus-geforce-rtx-4070-tuf-rtx4070-o12g-gaming/p/N82E16814126639,ASUS
"Refurbished ASUS TUF Gaming GeForce RTX 4060 Ti OC Edition Gaming Graphics Card (PCIe 4.0, 8GB GDDR6, DLSS 3, HDMI 2.1a, DisplayPort 1.4a) TUF-RTX4060TI-O8G-GAMING",579,https://www.newegg.com/asus-tuf-gaming-nvidia-rtx-4060-ti-8gb-gddr6/p/1FT-000Y-00B81,ASUS
Refurbished AMD Radeon R5 430 1GB GDDR5 Graphics Card VGA & DisplayPort  PCIe x16 DirectX 12 NMN1D,18,https://www.newegg.com/p/27N-0018-001B0,AMD
"GIGABYTE GeForce RTX 4070 Ti WINDFORCE OC 12G Graphics Card, 3x WINDFORCE Fans, 12GB 192-bit GDDR6X, GV-N407TWF3OC-12GD Video Card","1,329",https://www.newegg.com/gigabyte-geforce-rtx-4070-ti-gv-n407twf3oc-12gd/p/N82E16814932623,GIGABYTE
"ASUS TUF Gaming GeForce RTX 4070 Ti SUPER BTF White OC Edition Gaming Graphics Card (Exclusive to ASUS BTF ATX Motherboards, Graphics card high-power gold finger) TUF-RTX4070TIS-O16G-BTF-WHITE","1,399",https://www.newegg.com/asus-tuf-gaming-tuf-rtx4070tis-o16g-btf-white-nvidia-geforce-rtx-4070-ti-super-16gb-gddr6x/p/N82E16814126727,ASUS
ASUS ROG STRIX Radeon RX 6600 XT 8GB GDDR6 PCI Express 4.0 CrossFireX Support ATX Video Card ROG-STRIX-RX6600XT-O8G-GAMING,510,https://www.newegg.com/asus-radeon-rx-6600-xt-rog-strix-rx6600xt-o8g-gaming/p/N82E16814126527,ASUS
NVIDIA GeForce RTX 3090 Ti 24GB GDDR6X PCI Express 4.0 SLI Support Video Card GEFORCE RTX 3090 Ti FE,"2,399",https://www.newegg.com/nvidia-geforce-rtx-3090-ti-fe/p/N82E16814132093,NVIDIA
"GIGABYTE AORUS GeForce RTX 4060 ELITE 8G Graphics Card, 3x WINDFORCE Fans, 8GB 128-bit GDDR6, GV-N4060AORUS E-8GD Video Card",622,https://www.newegg.com/gigabyte-geforce-rtx-4060-gv-n4060aorus-e-8gd/p/N82E16814932626,GIGABYTE
